Instrument,Category,Ticker,Type,Volume,Open Price,Open Time (UTC),Close Price,Close Time (UTC),Profit/Loss,Purchase Value,Sale Value,Stop Loss,Take Profit,Commission,Margin,Swap,id_account,Time,Amount,ID
Meta,STOCK,META.US,BUY,1.0,621.35,2026-05-07 00:00:00,631.97,2026-05-28 00:00:00,10.62,621.35,631.97,,,0.0,,,52793784,,,
Micron,STOCK,MU.US,BUY,1.0,949.0,2026-05-27 00:00:00,949.0,2026-05-28 00:00:00,0.0,949.0,949.0,,,0.0,,,52793784,,,
Vistra Energy,STOCK,VST.US,BUY,1.0,139.9,2026-05-20 00:00:00,164.62,2026-05-26 00:00:00,24.72,139.9,164.62,,,0.0,,,52793784,,,
Vistra Energy,STOCK,VST.US,BUY,1.0,140.0,2026-05-13 00:00:00,164.62,2026-05-26 00:00:00,24.62,140.0,164.62,,,0.0,,,52793784,,,
Vistra Energy,STOCK,VST.US,BUY,3.0,149.0,2026-05-11 00:00:00,164.62,2026-05-26 00:00:00,46.86,447.0,493.86,,,0.0,,,52793784,,,
SoFi,STOCK,SOFI.US,BUY,10.0,15.63,2026-05-20 00:00:00,15.63,2026-05-22 00:00:00,0.0,156.3,156.3,,,0.0,,,52793784,,,
Nu Holdings,STOCK,NU.US,BUY,10.0,12.2,2026-05-15 00:00:00,12.81,2026-05-22 00:00:00,6.1,122.0,128.1,,,0.0,,,52793784,,,
Power Solutions International,STOCK,PSIX.US,BUY,10.0,36.66,2026-05-20 00:00:00,38.52,2026-05-22 00:00:00,18.6,366.6,385.2,,,0.0,,,52793784,,,
Palantir,STOCK,PLTR.US,BUY,1.0,130.8,2026-05-13 00:00:00,133.2,2026-05-20 00:00:00,2.4,130.8,133.2,,,0.0,,,52793784,,,
Palantir,STOCK,PLTR.US,BUY,1.0,135.4,2026-05-11 00:00:00,133.2,2026-05-20 00:00:00,-2.2,135.4,133.2,,,0.0,,,52793784,,,
Microsoft,STOCK,MSFT.US,BUY,1.0,410.0,2026-05-11 00:00:00,414.62,2026-05-20 00:00:00,4.62,410.0,414.62,,,0.0,,,52793784,,,
ServiceNow,STOCK,NOW.US,BUY,1.0,90.8,2026-05-14 00:00:00,99.29,2026-05-20 00:00:00,8.49,90.8,99.29,,,0.0,,,52793784,,,
Barrick Mining,STOCK,B.US,BUY,3.0,38.3,2026-04-29 00:00:00,40.97,2026-05-15 00:00:00,8.01,114.9,122.91,,,0.0,,,52793784,,,
Gambling.com,STOCK,GAMB.US,BUY,20.0,4.45,2026-05-07 00:00:00,4.18,2026-05-13 00:00:00,-5.4,89.0,83.6,,,0.0,,,52793784,,,
ONEOK,STOCK,OKE.US,BUY,1.0,84.5,2026-05-07 00:00:00,85.35,2026-05-11 00:00:00,0.85,84.5,85.35,,,0.0,,,52793784,,,
Robinhood,STOCK,HOOD.US,BUY,1.0,70.0,2026-04-29 00:00:00,76.01,2026-05-07 00:00:00,6.01,70.0,76.01,,,0.0,,,52793784,,,
Robinhood,STOCK,HOOD.US,BUY,1.0,72.0,2026-04-29 00:00:00,76.01,2026-05-07 00:00:00,4.01,72.0,76.01,,,0.0,,,52793784,,,
Bancolombia,STOCK,CIB.US,BUY,1.0,65.0,2026-05-04 00:00:00,65.76,2026-05-07 00:00:00,0.76,65.0,65.76,,,0.0,,,52793784,,,
Bancolombia,STOCK,CIB.US,BUY,5.0,67.5,2026-04-30 00:00:00,65.76,2026-05-07 00:00:00,-8.7,337.5,328.8,,,0.0,,,52793784,,,
Rackspace Technology,STOCK,RXT.US,BUY,20.0,2.2,2026-05-05 00:00:00,2.25,2026-05-06 00:00:00,1.0,44.0,45.0,,,0.0,,,52793784,,,
Energy Select Sector,ETF,XLE.US,BUY,1.0,54.41,2026-04-17 00:00:00,57.19,2026-05-06 00:00:00,2.78,54.41,57.19,,,0.0,,,52793784,,,
AST SpaceMobile,STOCK,ASTS.US,BUY,1.0,75.0,2026-04-27 00:00:00,65.56,2026-05-05 00:00:00,-9.44,75.0,65.56,,,0.0,,,52793784,,,
Clorox,STOCK,CLX.US,BUY,2.0,99.5,2026-04-24 00:00:00,86.28,2026-05-01 00:00:00,-26.44,199.0,172.56,,,0.0,,,52793784,,,
Barrick Mining,STOCK,B.US,BUY,1.0,37.8,2026-03-19 00:00:00,42.85,2026-04-20 00:00:00,5.05,37.8,42.85,,,0.0,,,52793784,,,
Stratasys,STOCK,SSYS.US,BUY,5.0,8.7,2026-03-06 00:00:00,8.81,2026-04-20 00:00:00,0.55,43.5,44.05,,,0.0,,,52793784,,,
Active Gold & Silver Miners,ETF,GBUG.US,BUY,1.0,40.5,2026-03-19 00:00:00,49.72,2026-04-20 00:00:00,9.22,40.5,49.72,,,0.0,,,52793784,,,
Silver Trust,ETF,SLV.US,BUY,1.0,61.92,2026-03-19 00:00:00,72.17,2026-04-20 00:00:00,10.25,61.92,72.17,,,0.0,,,52793784,,,
Silver Trust,ETF,SLV.US,BUY,1.0,75.0,2026-03-03 00:00:00,72.17,2026-04-20 00:00:00,-2.83,75.0,72.17,,,0.0,,,52793784,,,
Palantir,STOCK,PLTR.US,BUY,1.0,127.0,2026-04-10 00:00:00,144.66,2026-04-20 00:00:00,17.66,127.0,144.66,,,0.0,,,52793784,,,
Oracle,STOCK,ORCL.US,BUY,1.0,164.0,2026-03-11 00:00:00,174.66,2026-04-20 00:00:00,10.66,164.0,174.66,,,0.0,,,52793784,,,
Oracle,STOCK,ORCL.US,BUY,1.0,165.08,2026-03-11 00:00:00,174.66,2026-04-20 00:00:00,9.58,165.08,174.66,,,0.0,,,52793784,,,
Microsoft,STOCK,MSFT.US,BUY,1.0,400.0,2026-03-17 00:00:00,417.02,2026-04-20 00:00:00,17.02,400.0,417.02,,,0.0,,,52793784,,,
Powell Industries,STOCK,POWL.US,BUY,1.0,230.0,2026-04-10 00:00:00,232.0,2026-04-14 00:00:00,2.0,230.0,232.0,,,0.0,,,52793784,,,
Estee Lauder,STOCK,EL.US,BUY,1.0,94.8,2026-03-10 00:00:00,72.55,2026-04-10 00:00:00,-22.25,94.8,72.55,,,0.0,,,52793784,,,
Critical Metals,STOCK,CRML.US,BUY,10.0,8.9,2026-03-06 00:00:00,9.78,2026-04-10 00:00:00,8.8,89.0,97.8,,,0.0,,,52793784,,,
Critical Metals,STOCK,CRML.US,BUY,5.0,10.0,2026-02-27 00:00:00,9.75,2026-04-10 00:00:00,-1.25,50.0,48.75,,,0.0,,,52793784,,,
Critical Metals,STOCK,CRML.US,BUY,5.0,10.35,2026-02-26 00:00:00,9.75,2026-04-10 00:00:00,-3.0,51.75,48.75,,,0.0,,,52793784,,,
Meta,STOCK,META.US,BUY,1.0,630.0,2026-03-16 00:00:00,630.99,2026-04-10 00:00:00,0.99,630.0,630.99,,,0.0,,,52793784,,,
Energy Select Sector,ETF,XLE.US,BUY,1.0,53.5,2026-02-10 00:00:00,59.08,2026-04-01 00:00:00,5.58,53.5,59.08,,,0.0,,,52793784,,,
IONQ,STOCK,IONQ.US,BUY,1.0,30.5,2026-03-20 00:00:00,31.97,2026-03-25 00:00:00,1.47,30.5,31.97,,,0.0,,,52793784,,,
Hims & Hers Health,STOCK,HIMS.US,BUY,1.0,25.0,2026-03-12 00:00:00,23.2,2026-03-19 00:00:00,-1.8,25.0,23.2,,,0.0,,,52793784,,,
Hims & Hers Health,STOCK,HIMS.US,BUY,2.0,16.0,2026-03-03 00:00:00,23.2,2026-03-19 00:00:00,14.4,32.0,46.4,,,0.0,,,52793784,,,
Trump Media & Technology,STOCK,DJT.US,BUY,10.0,10.0,2026-03-12 00:00:00,10.0,2026-03-16 00:00:00,0.0,100.0,100.0,,,0.0,,,52793784,,,
Marathon,STOCK,MARA.US,BUY,5.0,8.0,2026-03-06 00:00:00,9.75,2026-03-13 00:00:00,8.75,40.0,48.75,,,0.0,,,52793784,,,
20 Year Treasury Bond,ETF,TLT.US,BUY,1.0,89.9,2026-02-23 00:00:00,87.4,2026-03-11 00:00:00,-2.5,89.9,87.4,,,0.0,,,52793784,,,
20 Year Treasury Bond,ETF,TLT.US,BUY,1.0,89.0,2026-02-20 00:00:00,87.4,2026-03-11 00:00:00,-1.6,89.0,87.4,,,0.0,,,52793784,,,
Oddity Tech Ltd,STOCK,ODD.US,BUY,1.0,14.0,2026-03-06 00:00:00,12.79,2026-03-11 00:00:00,-1.21,14.0,12.79,,,0.0,,,52793784,,,
Enovix,STOCK,ENVX.US,BUY,20.0,4.9,2026-03-10 00:00:00,4.98,2026-03-11 00:00:00,1.6,98.0,99.6,,,0.0,,,52793784,,,
Intel,STOCK,INTC.US,BUY,1.0,43.0,2026-03-09 00:00:00,48.36,2026-03-11 00:00:00,5.36,43.0,48.36,,,0.0,,,52793784,,,
Marvell,STOCK,MRVL.US,BUY,1.0,86.0,2026-03-09 00:00:00,92.9,2026-03-11 00:00:00,6.9,86.0,92.9,,,0.0,,,52793784,,,
Microsoft,STOCK,MSFT.US,BUY,1.0,394.41,2026-02-27 00:00:00,403.4,2026-03-11 00:00:00,8.99,394.41,403.4,,,0.0,,,52793784,,,
Duolingo,STOCK,DUOL.US,BUY,1.0,96.5,2026-03-10 00:00:00,97.0,2026-03-11 00:00:00,0.5,96.5,97.0,,,0.0,,,52793784,,,
MercadoLibre,STOCK,MELI.US,BUY,1.0,1789.72,2026-03-05 00:00:00,1764.49,2026-03-06 00:00:00,-25.23,1789.72,1764.49,,,0.0,,,52793784,,,
Duolingo,STOCK,DUOL.US,BUY,1.0,100.0,2026-03-04 00:00:00,100.51,2026-03-05 00:00:00,0.51,100.0,100.51,,,0.0,,,52793784,,,
Alibaba,STOCK,BABA.US,BUY,1.0,134.0,2026-03-04 00:00:00,129.82,2026-03-05 00:00:00,-4.18,134.0,129.82,,,0.0,,,52793784,,,
Alibaba,STOCK,BABA.US,BUY,2.0,140.0,2026-03-02 00:00:00,129.82,2026-03-05 00:00:00,-20.36,280.0,259.64,,,0.0,,,52793784,,,
Robinhood,STOCK,HOOD.US,BUY,1.0,76.9,2026-03-03 00:00:00,78.97,2026-03-05 00:00:00,2.07,76.9,78.97,,,0.0,,,52793784,,,
JPMorgan Chase,STOCK,JPM.US,BUY,1.0,297.33,2026-03-02 00:00:00,297.85,2026-03-04 00:00:00,0.52,297.33,297.85,,,0.0,,,52793784,,,
Hims & Hers Health,STOCK,HIMS.US,BUY,1.0,15.3,2026-02-26 00:00:00,15.77,2026-03-03 00:00:00,0.47,15.3,15.77,,,0.0,,,52793784,,,
Hims & Hers Health,STOCK,HIMS.US,BUY,1.0,15.8,2026-02-25 00:00:00,15.77,2026-03-03 00:00:00,-0.03,15.8,15.77,,,0.0,,,52793784,,,
Silver Trust,ETF,SLV.US,BUY,1.0,77.0,2026-02-03 00:00:00,78.71,2026-03-02 00:00:00,1.71,77.0,78.71,,,0.0,,,52793784,,,
Millicom International Cellular,STOCK,TIGO.US,BUY,1.0,72.66,2026-02-27 00:00:00,72.92,2026-02-27 00:00:00,0.26,72.66,72.92,,,0.0,,,52793784,,,
Critical Metals,STOCK,CRML.US,BUY,10.0,10.67,2026-02-26 00:00:00,10.71,2026-02-26 00:00:00,0.4,106.7,107.1,,,0.0,,,52793784,,,
Microsoft,STOCK,MSFT.US,BUY,1.0,391.48,2026-02-23 00:00:00,401.7,2026-02-26 00:00:00,10.22,391.48,401.7,,,0.0,,,52793784,,,
UnitedHealth,STOCK,UNH.US,BUY,1.0,288.5,2026-02-23 00:00:00,292.0,2026-02-26 00:00:00,3.5,288.5,292.0,,,0.0,,,52793784,,,
Robinhood,STOCK,HOOD.US,BUY,1.0,74.75,2026-02-12 00:00:00,77.7,2026-02-26 00:00:00,2.95,74.75,77.7,,,0.0,,,52793784,,,
Duolingo,STOCK,DUOL.US,BUY,1.0,110.0,2026-02-20 00:00:00,112.68,2026-02-26 00:00:00,2.68,110.0,112.68,,,0.0,,,52793784,,,
Marathon,STOCK,MARA.US,BUY,10.0,8.4,2026-02-26 00:00:00,8.48,2026-02-26 00:00:00,0.8,84.0,84.8,,,0.0,,,52793784,,,
Hims & Hers Health,STOCK,HIMS.US,BUY,1.0,16.0,2026-02-25 00:00:00,16.01,2026-02-25 00:00:00,0.01,16.0,16.01,,,0.0,,,52793784,,,
PayPal,STOCK,PYPL.US,BUY,10.0,44.5,2026-02-23 00:00:00,46.59,2026-02-25 00:00:00,20.9,445.0,465.9,,,0.0,,,52793784,,,
PayPal,STOCK,PYPL.US,BUY,1.0,41.0,2026-02-23 00:00:00,46.59,2026-02-25 00:00:00,5.59,41.0,46.59,,,0.0,,,52793784,,,
Critical Metals,STOCK,CRML.US,BUY,10.0,9.85,2026-02-23 00:00:00,10.79,2026-02-25 00:00:00,9.4,98.5,107.9,,,0.0,,,52793784,,,
Critical Metals,STOCK,CRML.US,BUY,1.0,9.5,2026-02-23 00:00:00,10.79,2026-02-25 00:00:00,1.29,9.5,10.79,,,0.0,,,52793784,,,
Critical Metals,STOCK,CRML.US,BUY,1.0,9.0,2026-02-17 00:00:00,10.79,2026-02-25 00:00:00,1.79,9.0,10.79,,,0.0,,,52793784,,,
AMD,STOCK,AMD.US,BUY,1.0,211.0,2026-02-24 00:00:00,211.04,2026-02-25 00:00:00,0.04,211.0,211.04,,,0.0,,,52793784,,,
Trump Media & Technology,STOCK,DJT.US,BUY,10.0,10.25,2026-02-24 00:00:00,10.29,2026-02-24 00:00:00,0.4,102.5,102.9,,,0.0,,,52793784,,,
Rocket Lab,STOCK,RKLB.US,BUY,10.0,69.0,2026-02-24 00:00:00,69.29,2026-02-24 00:00:00,2.9,690.0,692.9,,,0.0,,,52793784,,,
Tempus AI,STOCK,TEM.US,BUY,1.0,59.0,2026-02-19 00:00:00,56.45,2026-02-23 00:00:00,-2.55,59.0,56.45,,,0.0,,,52793784,,,
Tempus AI,STOCK,TEM.US,BUY,1.0,59.0,2026-02-19 00:00:00,56.45,2026-02-23 00:00:00,-2.55,59.0,56.45,,,0.0,,,52793784,,,
BigBear.ai,STOCK,BBAI.US,BUY,10.0,4.0,2026-02-18 00:00:00,3.78,2026-02-23 00:00:00,-2.2,40.0,37.8,,,0.0,,,52793784,,,
Opendoor,STOCK,OPEN.US,BUY,10.0,4.9,2026-02-23 00:00:00,4.82,2026-02-23 00:00:00,-0.8,49.0,48.2,,,0.0,,,52793784,,,
Iveda Solutions,STOCK,IVDA.US,BUY,100.0,0.38,2026-02-13 00:00:00,0.31,2026-02-23 00:00:00,-7.8,38.33,30.53,,,0.0,,,52793784,,,
Super Micro Computer,STOCK,SMCI.US,BUY,1.0,30.0,2026-02-18 00:00:00,31.83,2026-02-23 00:00:00,1.83,30.0,31.83,,,0.0,,,52793784,,,
Reddit Inc,STOCK,RDDT.US,BUY,1.0,138.0,2026-02-13 00:00:00,146.02,2026-02-23 00:00:00,8.02,138.0,146.02,,,0.0,,,52793784,,,
Meta,STOCK,META.US,BUY,1.0,650.0,2026-02-20 00:00:00,656.18,2026-02-20 00:00:00,6.18,650.0,656.18,,,0.0,,,52793784,,,
Brand Engagement Network,STOCK,BNAI.US,BUY,1.0,19.2,2026-02-17 00:00:00,19.2,2026-02-19 00:00:00,0.0,19.2,19.2,,,0.0,,,52793784,,,
Lloyds Banking,STOCK,LYG.US,BUY,10.0,5.59,2026-02-13 00:00:00,5.59,2026-02-19 00:00:00,0.0,55.9,55.9,,,0.0,,,52793784,,,
Coinbase,STOCK,COIN.US,BUY,1.0,162.05,2026-02-13 00:00:00,164.75,2026-02-19 00:00:00,2.7,162.05,164.75,,,0.0,,,52793784,,,
Applovin,STOCK,APP.US,BUY,1.0,399.0,2026-02-18 00:00:00,401.05,2026-02-18 00:00:00,2.05,399.0,401.05,,,0.0,,,52793784,,,
UnitedHealth,STOCK,UNH.US,BUY,1.0,273.39,2026-02-09 00:00:00,287.2,2026-02-18 00:00:00,13.81,273.39,287.2,,,0.0,,,52793784,,,
AMD,STOCK,AMD.US,BUY,1.0,197.0,2026-02-17 00:00:00,196.32,2026-02-18 00:00:00,-0.68,197.0,196.32,,,0.0,,,52793784,,,
Summit Therapeutics,STOCK,SMMT.US,BUY,10.0,15.4,2026-02-17 00:00:00,15.45,2026-02-17 00:00:00,0.5,154.0,154.5,,,0.0,,,52793784,,,
Brand Engagement Network,STOCK,BNAI.US,BUY,1.0,19.28,2026-02-12 00:00:00,19.07,2026-02-17 00:00:00,-0.21,19.28,19.07,,,0.0,,,52793784,,,
ICE,STOCK,ICE.US,BUY,1.0,148.12,2026-02-12 00:00:00,149.71,2026-02-12 00:00:00,1.59,148.12,149.71,,,0.0,,,52793784,,,
Novo Nordisk,STOCK,NVO.US,BUY,10.0,46.0,2026-02-06 00:00:00,49.0,2026-02-12 00:00:00,30.0,460.0,490.0,,,0.0,,,52793784,,,
Affirm,STOCK,AFRM.US,BUY,1.0,58.73,2026-02-10 00:00:00,55.44,2026-02-11 00:00:00,-3.29,58.73,55.44,,,0.0,,,52793784,,,
Meta,STOCK,META.US,BUY,1.0,676.99,2026-02-04 00:00:00,680.0,2026-02-05 00:00:00,3.01,676.99,680.0,,,0.0,,,52793784,,,
Vistra Energy,STOCK,VST.US,BUY,1.0,141.0,2026-02-04 00:00:00,141.2,2026-02-05 00:00:00,0.2,141.0,141.2,,,0.0,,,52793784,,,
General Mills,STOCK,GIS.US,BUY,10.0,48.3,2026-02-05 00:00:00,48.45,2026-02-05 00:00:00,1.5,483.0,484.5,,,0.0,,,52793784,,,
Energy Select Sector,ETF,XLE.US,BUY,1.0,50.5,2026-02-03 00:00:00,51.57,2026-02-05 00:00:00,1.07,50.5,51.57,,,0.0,,,52793784,,,
DuPont,STOCK,DD.US,BUY,1.0,45.19,2026-02-03 00:00:00,46.14,2026-02-05 00:00:00,0.95,45.19,46.14,,,0.0,,,52793784,,,
Nike,STOCK,NKE.US,BUY,1.0,65.0,2026-01-21 00:00:00,62.86,2026-02-05 00:00:00,-2.14,65.0,62.86,,,0.0,,,52793784,,,
Nike,STOCK,NKE.US,BUY,1.0,64.0,2026-01-20 00:00:00,62.86,2026-02-05 00:00:00,-1.14,64.0,62.86,,,0.0,,,52793784,,,
Nuscale Power,STOCK,SMR.US,BUY,1.0,17.0,2026-02-04 00:00:00,15.91,2026-02-05 00:00:00,-1.09,17.0,15.91,,,0.0,,,52793784,,,
Nuscale Power,STOCK,SMR.US,BUY,1.0,17.0,2026-02-03 00:00:00,15.91,2026-02-05 00:00:00,-1.09,17.0,15.91,,,0.0,,,52793784,,,
Oracle,STOCK,ORCL.US,BUY,1.0,175.5,2026-01-23 00:00:00,146.0,2026-02-05 00:00:00,-29.5,175.5,146.0,,,0.0,,,52793784,,,
Netflix,STOCK,NFLX.US,BUY,1.0,84.98,2026-01-23 00:00:00,80.24,2026-02-03 00:00:00,-4.74,84.98,80.24,,,0.0,,,52793784,,,
Silver Trust,CFD,SLV.US,BUY,2.0,79.15,2026-02-03 00:00:00,79.44,2026-02-03 00:00:00,0.58,,,79.43,105.07,0.0,63.32,0.0,52793784,,,
Relmada Therapeutics,STOCK,RLMD.US,BUY,10.0,3.97,2026-01-28 00:00:00,3.83,2026-02-03 00:00:00,-1.4,39.7,38.3,,,0.0,,,52793784,,,
Silver Trust,CFD,SLV.US,BUY,2.0,79.86,2026-02-03 00:00:00,79.97,2026-02-03 00:00:00,0.22,,,79.96,105.0,0.0,63.89,0.0,52793784,,,
Walt Disney,STOCK,DIS.US,BUY,1.0,104.97,2026-02-02 00:00:00,102.94,2026-02-03 00:00:00,-2.03,104.97,102.94,,,0.0,,,52793784,,,
Park Hotels & Resorts,STOCK,PK.US,BUY,10.0,11.0,2026-02-02 00:00:00,11.01,2026-02-03 00:00:00,0.1,110.0,110.1,,,0.0,,,52793784,,,
Robinhood,STOCK,HOOD.US,BUY,2.0,102.75,2026-01-30 00:00:00,91.28,2026-02-02 00:00:00,-22.94,205.5,182.56,,,0.0,,,52793784,,,
Robinhood,STOCK,HOOD.US,BUY,1.0,100.0,2026-01-29 00:00:00,91.28,2026-02-02 00:00:00,-8.72,100.0,91.28,,,0.0,,,52793784,,,
Trade Desk,STOCK,TTD.US,BUY,5.0,31.88,2026-01-28 00:00:00,30.59,2026-01-30 00:00:00,-6.45,159.4,152.95,,,0.0,,,52793784,,,
Fiserv,STOCK,FISV.US,BUY,1.0,67.48,2026-01-23 00:00:00,63.0,2026-01-30 00:00:00,-4.48,67.48,63.0,,,0.0,,,52793784,,,
Bitfarms Ltd,STOCK,BITF.US,BUY,50.0,2.57,2026-01-27 00:00:00,2.42,2026-01-29 00:00:00,-7.5,128.5,121.0,,,0.0,,,52793784,,,
MicroStrategy,STOCK,MSTR.US,BUY,1.0,155.0,2026-01-29 00:00:00,140.0,2026-01-29 00:00:00,-15.0,155.0,140.0,,,0.0,,,52793784,,,
Intel,STOCK,INTC.US,BUY,2.0,48.31,2026-01-29 00:00:00,48.46,2026-01-29 00:00:00,0.3,96.62,96.92,,,0.0,,,52793784,,,
Teradata,STOCK,TDC.US,BUY,5.0,29.97,2026-01-23 00:00:00,29.69,2026-01-28 00:00:00,-1.4,149.85,148.45,,,0.0,,,52793784,,,
Trade Desk,STOCK,TTD.US,BUY,5.0,32.14,2026-01-27 00:00:00,32.25,2026-01-28 00:00:00,0.55,160.7,161.25,,,0.0,,,52793784,,,
Alibaba,STOCK,BABA.US,BUY,1.0,172.5,2026-01-23 00:00:00,175.58,2026-01-28 00:00:00,3.08,172.5,175.58,,,0.0,,,52793784,,,
Webull,STOCK,BULL.US,BUY,10.0,7.63,2026-01-27 00:00:00,7.62,2026-01-28 00:00:00,-0.1,76.3,76.2,,,0.0,,,52793784,,,
New Era Helium,STOCK,NEHC.US,BUY,2.0,7.4,2026-01-23 00:00:00,7.08,2026-01-28 00:00:00,-0.64,14.8,14.16,,,0.0,,,52793784,,,
Kanzhun,STOCK,BZ.US,BUY,10.0,19.4,2026-01-23 00:00:00,19.37,2026-01-28 00:00:00,-0.3,194.0,193.7,,,0.0,,,52793784,,,
Burning Rock Biotech,STOCK,BNR.US,BUY,1.0,35.75,2026-01-23 00:00:00,34.0,2026-01-28 00:00:00,-1.75,35.75,34.0,,,0.0,,,52793784,,,
Trade Desk,STOCK,TTD.US,BUY,5.0,31.94,2026-01-27 00:00:00,31.98,2026-01-27 00:00:00,0.2,159.7,159.9,,,0.0,,,52793784,,,
Vistra Energy,STOCK,VST.US,BUY,1.0,160.0,2026-01-22 00:00:00,163.35,2026-01-27 00:00:00,3.35,160.0,163.35,,,0.0,,,52793784,,,
Vistra Energy,STOCK,VST.US,BUY,1.0,162.0,2026-01-22 00:00:00,163.35,2026-01-27 00:00:00,1.35,162.0,163.35,,,0.0,,,52793784,,,
Applied Digital,STOCK,APLD.US,BUY,2.0,37.5,2026-01-23 00:00:00,41.0,2026-01-27 00:00:00,7.0,75.0,82.0,,,0.0,,,52793784,,,
Fiserv,STOCK,FISV.US,BUY,1.0,67.48,2026-01-23 00:00:00,67.51,2026-01-23 00:00:00,0.03,67.48,67.51,,,0.0,,,52793784,,,
Barrick Mining,STOCK,B.US,BUY,1.0,50.0,2026-01-21 00:00:00,50.08,2026-01-22 00:00:00,0.08,50.0,50.08,,,0.0,,,52793784,,,
Alphabet,STOCK,GOOGL.US,BUY,1.0,330.0,2026-01-21 00:00:00,332.52,2026-01-22 00:00:00,2.52,330.0,332.52,,,0.0,,,52793784,,,
Intel,STOCK,INTC.US,BUY,1.0,53.0,2026-01-21 00:00:00,53.61,2026-01-21 00:00:00,0.61,53.0,53.61,,,0.0,,,52793784,,,
PayPal,STOCK,PYPL.US,BUY,4.0,57.02,2026-01-15 00:00:00,55.47,2026-01-21 00:00:00,-6.2,228.08,221.88,,,0.0,,,52793784,,,
PayPal,STOCK,PYPL.US,BUY,1.0,56.86,2026-01-15 00:00:00,55.47,2026-01-21 00:00:00,-1.39,56.86,55.47,,,0.0,,,52793784,,,
Trade Desk,STOCK,TTD.US,BUY,5.0,35.0,2026-01-21 00:00:00,34.93,2026-01-21 00:00:00,-0.35,175.0,174.65,,,0.0,,,52793784,,,
Oddity Tech Ltd,STOCK,ODD.US,BUY,10.0,35.0,2026-01-16 00:00:00,34.08,2026-01-21 00:00:00,-9.2,350.0,340.8,,,0.0,,,52793784,,,
Roblox,STOCK,RBLX.US,BUY,1.0,80.0,2026-01-20 00:00:00,75.65,2026-01-21 00:00:00,-4.35,80.0,75.65,,,0.0,,,52793784,,,
Hims & Hers Health,STOCK,HIMS.US,BUY,3.0,32.4,2026-01-09 00:00:00,28.32,2026-01-21 00:00:00,-12.24,97.2,84.96,,,0.0,,,52793784,,,
Hims & Hers Health,STOCK,HIMS.US,BUY,1.0,34.79,2026-01-08 00:00:00,28.32,2026-01-21 00:00:00,-6.47,34.79,28.32,,,0.0,,,52793784,,,
Hims & Hers Health,STOCK,HIMS.US,BUY,1.0,35.27,2026-01-07 00:00:00,28.32,2026-01-21 00:00:00,-6.95,35.27,28.32,,,0.0,,,52793784,,,
GoDaddy,STOCK,GDDY.US,BUY,1.0,104.8,2026-01-20 00:00:00,105.0,2026-01-21 00:00:00,0.2,104.8,105.0,,,0.0,,,52793784,,,
Dynatrace,STOCK,DT.US,BUY,1.0,39.5,2026-01-20 00:00:00,39.18,2026-01-21 00:00:00,-0.32,39.5,39.18,,,0.0,,,52793784,,,
Duolingo,STOCK,DUOL.US,BUY,1.0,150.0,2026-01-16 00:00:00,147.7,2026-01-21 00:00:00,-2.3,150.0,147.7,,,0.0,,,52793784,,,
Robinhood,STOCK,HOOD.US,BUY,4.0,108.0,2026-01-16 00:00:00,108.18,2026-01-21 00:00:00,0.72,432.0,432.72,,,0.0,,,52793784,,,
Robinhood,STOCK,HOOD.US,BUY,1.0,108.0,2026-01-16 00:00:00,108.18,2026-01-21 00:00:00,0.18,108.0,108.18,,,0.0,,,52793784,,,
Redwire,STOCK,RDW.US,BUY,10.0,11.76,2026-01-16 00:00:00,11.0,2026-01-20 00:00:00,-7.6,117.6,110.0,,,0.0,,,52793784,,,
Super Micro Computer,STOCK,SMCI.US,BUY,5.0,31.03,2026-01-16 00:00:00,31.27,2026-01-20 00:00:00,1.2,155.15,156.35,,,0.0,,,52793784,,,
Oddity Tech Ltd,STOCK,ODD.US,BUY,10.0,33.94,2026-01-15 00:00:00,34.8,2026-01-16 00:00:00,8.6,339.4,348.0,,,0.0,,,52793784,,,
Netflix,STOCK,NFLX.US,BUY,1.0,90.27,2026-01-14 00:00:00,89.27,2026-01-15 00:00:00,-1.0,90.27,89.27,,,0.0,,,52793784,,,
Intel,STOCK,INTC.US,BUY,1.0,42.0,2026-01-08 00:00:00,47.71,2026-01-14 00:00:00,5.71,42.0,47.71,,,0.0,,,52793784,,,
Roblox,STOCK,RBLX.US,BUY,1.0,84.0,2026-01-14 00:00:00,83.65,2026-01-14 00:00:00,-0.35,84.0,83.65,,,0.0,,,52793784,,,
MicroStrategy,STOCK,MSTR.US,BUY,1.0,184.0,2026-01-14 00:00:00,184.51,2026-01-14 00:00:00,0.51,184.0,184.51,,,0.0,,,52793784,,,
Barrick Mining,STOCK,B.US,BUY,1.0,46.0,2026-01-08 00:00:00,49.8,2026-01-14 00:00:00,3.8,46.0,49.8,,,0.0,,,52793784,,,
Nike,STOCK,NKE.US,BUY,1.0,63.43,2026-01-07 00:00:00,66.93,2026-01-14 00:00:00,3.5,63.43,66.93,,,0.0,,,52793784,,,
Park Hotels & Resorts,STOCK,PK.US,BUY,10.0,10.5,2026-01-07 00:00:00,11.33,2026-01-14 00:00:00,8.3,105.0,113.3,,,0.0,,,52793784,,,
Ultrapro Dow30,CFD,UDOW.US,BUY,1.0,58.5,2025-12-19 00:00:00,61.0,2026-01-14 00:00:00,2.5,,,61.0,,0.0,58.5,0.0,52793784,,,
Asset Entities,STOCK,ASST.US,BUY,10.0,1.0,2026-01-06 00:00:00,0.98,2026-01-14 00:00:00,-0.2,10.0,9.8,,,0.0,,,52793784,,,
Humacyte Inc,STOCK,HUMA.US,BUY,10.0,1.12,2026-01-12 00:00:00,1.12,2026-01-12 00:00:00,0.0,11.2,11.2,,,0.0,,,52793784,,,
Vistra Energy,STOCK,VST.US,BUY,1.0,168.5,2026-01-06 00:00:00,172.28,2026-01-09 00:00:00,3.78,168.5,172.28,,,0.0,,,52793784,,,
Novo Nordisk,STOCK,NVO.US,BUY,0.75,57.15,2026-01-07 00:00:00,57.09,2026-01-07 00:00:00,-0.05,42.85,42.8,,,0.0,,,52793784,,,
Novo Nordisk,STOCK,NVO.US,BUY,0.25,57.15,2026-01-07 00:00:00,57.09,2026-01-07 00:00:00,-0.01,14.3,14.29,,,0.0,,,52793784,,,
Novo Nordisk,STOCK,NVO.US,BUY,0.75,57.15,2026-01-07 00:00:00,57.1,2026-01-07 00:00:00,-0.04,42.85,42.81,,,0.0,,,52793784,,,
Nike,STOCK,NKE.US,BUY,1.0,60.0,2025-12-24 00:00:00,63.27,2026-01-07 00:00:00,3.27,60.0,63.27,,,0.0,,,52793784,,,
Nike,STOCK,NKE.US,BUY,1.0,60.0,2025-12-24 00:00:00,63.27,2026-01-07 00:00:00,3.27,60.0,63.27,,,0.0,,,52793784,,,
Hims & Hers Health,STOCK,HIMS.US,BUY,5.0,32.5,2026-01-02 00:00:00,35.03,2026-01-07 00:00:00,12.65,162.5,175.15,,,0.0,,,52793784,,,
Barrick Mining,STOCK,B.US,BUY,2.0,44.5,2025-12-30 00:00:00,45.91,2026-01-07 00:00:00,2.82,89.0,91.82,,,0.0,,,52793784,,,
MicroStrategy,STOCK,MSTR.US,BUY,1.0,161.67,2026-01-06 00:00:00,162.3,2026-01-07 00:00:00,0.63,161.67,162.3,,,0.0,,,52793784,,,
Energy Select Sector,ETF,XLE.US,BUY,1.0,46.0,2026-01-06 00:00:00,45.65,2026-01-07 00:00:00,-0.35,46.0,45.65,,,0.0,,,52793784,,,
Alibaba,STOCK,BABA.US,BUY,1.0,150.0,2025-12-19 00:00:00,151.44,2026-01-06 00:00:00,1.44,150.0,151.44,,,0.0,,,52793784,,,
Robinhood,STOCK,HOOD.US,BUY,1.0,112.0,2026-01-02 00:00:00,120.88,2026-01-06 00:00:00,8.88,112.0,120.88,,,0.0,,,52793784,,,
Robinhood,STOCK,HOOD.US,BUY,1.0,117.5,2025-12-30 00:00:00,120.88,2026-01-06 00:00:00,3.38,117.5,120.88,,,0.0,,,52793784,,,
Robinhood,STOCK,HOOD.US,BUY,1.0,117.4,2025-12-30 00:00:00,120.88,2026-01-06 00:00:00,3.48,117.4,120.88,,,0.0,,,52793784,,,
Vistra Energy,STOCK,VST.US,BUY,1.0,166.0,2026-01-02 00:00:00,167.5,2026-01-06 00:00:00,1.5,166.0,167.5,,,0.0,,,52793784,,,
Vistra Energy,STOCK,VST.US,BUY,1.0,167.57,2025-12-18 00:00:00,167.5,2026-01-06 00:00:00,-0.07,167.57,167.5,,,0.0,,,52793784,,,
Udemy,STOCK,UDMY.US,BUY,5.0,5.74,2025-12-31 00:00:00,5.8,2026-01-02 00:00:00,0.3,28.7,29.0,,,0.0,,,52793784,,,
IONQ,STOCK,IONQ.US,BUY,1.0,51.0,2025-12-24 00:00:00,46.91,2025-12-26 00:00:00,-4.09,51.0,46.91,,,0.0,,,52793784,,,
IONQ,STOCK,IONQ.US,BUY,1.0,48.5,2025-12-19 00:00:00,52.25,2025-12-23 00:00:00,3.75,48.5,52.25,,,0.0,,,52793784,,,
Robinhood,STOCK,HOOD.US,BUY,1.0,117.5,2025-12-18 00:00:00,119.09,2025-12-23 00:00:00,1.59,117.5,119.09,,,0.0,,,52793784,,,
Oracle,STOCK,ORCL.US,BUY,1.0,183.0,2025-12-17 00:00:00,194.34,2025-12-23 00:00:00,11.34,183.0,194.34,,,0.0,,,52793784,,,
Rocket Lab,STOCK,RKLB.US,BUY,10.0,62.99,2025-12-19 00:00:00,63.2,2025-12-19 00:00:00,2.1,629.9,632.0,,,0.0,,,52793784,,,
Robinhood,STOCK,HOOD.US,BUY,1.0,118.5,2025-12-18 00:00:00,118.47,2025-12-18 00:00:00,-0.03,118.5,118.47,,,0.0,,,52793784,,,
Vistra Energy,STOCK,VST.US,BUY,1.0,160.0,2025-12-17 00:00:00,169.99,2025-12-18 00:00:00,9.99,160.0,169.99,,,0.0,,,52793784,,,
Vistra Energy,STOCK,VST.US,BUY,1.0,160.0,2025-12-17 00:00:00,169.99,2025-12-18 00:00:00,9.99,160.0,169.99,,,0.0,,,52793784,,,
Vistra Energy,STOCK,VST.US,BUY,1.0,170.0,2025-12-17 00:00:00,169.99,2025-12-18 00:00:00,-0.01,170.0,169.99,,,0.0,,,52793784,,,
Robinhood,STOCK,HOOD.US,BUY,1.0,119.55,2025-12-17 00:00:00,120.74,2025-12-18 00:00:00,1.19,119.55,120.74,,,0.0,,,52793784,,,
Rocket Lab,STOCK,RKLB.US,BUY,1.0,54.5,2025-12-16 00:00:00,55.05,2025-12-17 00:00:00,0.55,54.5,55.05,,,0.0,,,52793784,,,
Robinhood,STOCK,HOOD.US,BUY,1.0,121.0,2025-12-17 00:00:00,121.63,2025-12-17 00:00:00,0.63,121.0,121.63,,,0.0,,,52793784,,,
Alibaba,STOCK,BABA.US,BUY,1.0,149.43,2025-12-16 00:00:00,149.78,2025-12-17 00:00:00,0.35,149.43,149.78,,,0.0,,,52793784,,,
Rocket Lab,STOCK,RKLB.US,BUY,1.0,56.0,2025-12-16 00:00:00,53.28,2025-12-16 00:00:00,-2.72,56.0,53.28,,,0.0,,,52793784,,,
Oracle,STOCK,ORCL.US,BUY,1.0,187.5,2025-12-15 00:00:00,186.53,2025-12-16 00:00:00,-0.97,187.5,186.53,,,0.0,,,52793784,,,
Robinhood,STOCK,HOOD.US,BUY,1.0,117.0,2025-12-15 00:00:00,119.12,2025-12-16 00:00:00,2.12,117.0,119.12,,,0.0,,,52793784,,,
Robinhood,STOCK,HOOD.US,BUY,1.0,119.0,2025-12-12 00:00:00,119.12,2025-12-16 00:00:00,0.12,119.0,119.12,,,0.0,,,52793784,,,
Vistra Energy,STOCK,VST.US,BUY,1.0,170.77,2025-12-12 00:00:00,170.32,2025-12-16 00:00:00,-0.45,170.77,170.32,,,0.0,,,52793784,,,
Robinhood,STOCK,HOOD.US,BUY,1.0,121.33,2025-12-12 00:00:00,118.67,2025-12-12 00:00:00,-2.66,121.33,118.67,,,0.0,,,52793784,,,
Robinhood,STOCK,HOOD.US,BUY,1.0,123.18,2025-12-11 00:00:00,118.67,2025-12-12 00:00:00,-4.51,123.18,118.67,,,0.0,,,52793784,,,
Robinhood,STOCK,HOOD.US,BUY,2.0,126.0,2025-12-11 00:00:00,118.67,2025-12-12 00:00:00,-14.66,252.0,237.34,,,0.0,,,52793784,,,
Vistra Energy,STOCK,VST.US,BUY,1.0,160.0,2025-12-10 00:00:00,173.77,2025-12-12 00:00:00,13.77,160.0,173.77,,,0.0,,,52793784,,,
Vistra Energy,STOCK,VST.US,BUY,4.0,166.5,2025-12-09 00:00:00,173.77,2025-12-12 00:00:00,29.08,666.0,695.08,,,0.0,,,52793784,,,
Alibaba,STOCK,BABA.US,BUY,3.0,155.0,2025-12-09 00:00:00,157.78,2025-12-12 00:00:00,8.34,465.0,473.34,,,0.0,,,52793784,,,
Vistra Energy,STOCK,VST.US,BUY,1.0,166.5,2025-12-09 00:00:00,174.28,2025-12-11 00:00:00,7.78,166.5,174.28,,,0.0,,,52793784,,,
Oracle,STOCK,ORCL.US,BUY,1.0,220.45,2025-12-10 00:00:00,187.84,2025-12-11 00:00:00,-32.61,220.45,187.84,,,0.0,,,52793784,,,
Netflix,STOCK,NFLX.US,BUY,2.0,100.22,2025-12-05 00:00:00,96.07,2025-12-09 00:00:00,-8.3,200.44,192.14,,,0.0,,,52793784,,,
Vistra Energy,STOCK,VST.US,BUY,5.0,169.7,2025-11-21 00:00:00,176.06,2025-12-01 00:00:00,31.8,848.5,880.3,,,0.0,,,52793784,,,
Rocket Lab,STOCK,RKLB.US,BUY,4.0,40.52,2025-11-21 00:00:00,41.1,2025-12-01 00:00:00,2.32,162.08,164.4,,,0.0,,,52793784,,,
Robinhood,STOCK,HOOD.US,BUY,5.0,107.84,2025-11-21 00:00:00,127.83,2025-11-28 00:00:00,99.95,539.2,639.15,,,0.0,,,52793784,,,
Vistra Energy,STOCK,VST.US,BUY,5.0,180.0,2025-11-20 00:00:00,176.72,2025-11-20 00:00:00,-16.4,900.0,883.6,,,0.0,,,52793784,,,
Robinhood,STOCK,HOOD.US,BUY,5.0,114.0,2025-11-20 00:00:00,108.49,2025-11-20 00:00:00,-27.55,570.0,542.45,,,0.0,,,52793784,,,
Vistra Energy,STOCK,VST.US,BUY,5.0,179.6,2025-11-19 00:00:00,185.83,2025-11-20 00:00:00,31.15,898.0,929.15,,,0.0,,,52793784,,,
Rocket Lab,STOCK,RKLB.US,BUY,3.0,43.5,2025-11-19 00:00:00,44.55,2025-11-20 00:00:00,3.15,130.5,133.65,,,0.0,,,52793784,,,
Robinhood,STOCK,HOOD.US,BUY,4.0,116.0,2025-11-19 00:00:00,119.52,2025-11-20 00:00:00,14.08,464.0,478.08,,,0.0,,,52793784,,,
Vistra Energy,STOCK,VST.US,BUY,5.0,170.88,2025-11-14 00:00:00,177.28,2025-11-17 00:00:00,32.0,854.4,886.4,,,0.0,,,52793784,,,
Opendoor,STOCK,OPEN.US,BUY,10.0,8.4,2025-11-14 00:00:00,7.91,2025-11-17 00:00:00,-4.9,84.0,79.1,,,0.0,,,52793784,,,
Robinhood,STOCK,HOOD.US,BUY,4.0,118.0,2025-11-14 00:00:00,118.4,2025-11-17 00:00:00,1.6,472.0,473.6,,,0.0,,,52793784,,,
Robinhood,STOCK,HOOD.US,BUY,2.0,122.0,2025-11-07 00:00:00,122.21,2025-11-07 00:00:00,0.42,244.0,244.42,,,0.0,,,52793784,,,
Meta,STOCK,META.US,BUY,1.0,640.13,2025-11-04 00:00:00,627.86,2025-11-06 00:00:00,-12.27,640.13,627.86,,,0.0,,,52793784,,,
Duolingo,STOCK,DUOL.US,BUY,1.0,263.0,2025-10-31 00:00:00,187.76,2025-11-06 00:00:00,-75.24,263.0,187.76,,,0.0,,,52793784,,,
Oracle,STOCK,ORCL.US,BUY,1.0,261.0,2025-10-30 00:00:00,245.33,2025-11-06 00:00:00,-15.67,261.0,245.33,,,0.0,,,52793784,,,
Critical Metals,STOCK,CRML.US,BUY,5.0,12.69,2025-10-31 00:00:00,10.45,2025-11-06 00:00:00,-11.2,63.45,52.25,,,0.0,,,52793784,,,
Berkshire,STOCK,BRKB.US,BUY,1.0,477.0,2025-10-30 00:00:00,477.1,2025-10-31 00:00:00,0.1,477.0,477.1,,,0.0,,,52793784,,,
Aehr Test,STOCK,AEHR.US,BUY,2.0,25.5,2025-10-30 00:00:00,25.25,2025-10-30 00:00:00,-0.5,51.0,50.5,,,0.0,,,52793784,,,
Microsoft,STOCK,MSFT.US,BUY,1.0,528.0,2025-10-30 00:00:00,529.39,2025-10-30 00:00:00,1.39,528.0,529.39,,,0.0,,,52793784,,,
Chipotle,STOCK,CMG.US,BUY,1.0,42.0,2025-10-23 00:00:00,31.71,2025-10-30 00:00:00,-10.29,42.0,31.71,,,0.0,,,52793784,,,
Texas Instruments,STOCK,TXN.US,BUY,1.0,171.69,2025-10-23 00:00:00,163.36,2025-10-29 00:00:00,-8.33,171.69,163.36,,,0.0,,,52793784,,,
Globant,STOCK,GLOB.US,BUY,1.0,63.39,2025-10-27 00:00:00,59.82,2025-10-29 00:00:00,-3.57,63.39,59.82,,,0.0,,,52793784,,,
Duolingo,STOCK,DUOL.US,BUY,1.0,318.98,2025-10-21 00:00:00,298.1,2025-10-28 00:00:00,-20.88,318.98,298.1,,,0.0,,,52793784,,,
Robinhood,STOCK,HOOD.US,BUY,1.0,122.5,2025-10-22 00:00:00,146.39,2025-10-28 00:00:00,23.89,122.5,146.39,,,0.0,,,52793784,,,
Vistra Energy,STOCK,VST.US,BUY,2.0,187.4,2025-10-21 00:00:00,197.99,2025-10-24 00:00:00,21.18,374.8,395.98,,,0.0,,,52793784,,,
Opendoor,STOCK,OPEN.US,BUY,10.0,7.14,2025-10-23 00:00:00,8.03,2025-10-24 00:00:00,8.9,71.4,80.3,,,0.0,,,52793784,,,
US100,CFD,US100,BUY,0.01,25170.25,2025-10-23 00:00:00,25117.75,2025-10-23 00:00:00,-10.5,,,,25179.61,0.0,25.17,0.0,52793784,,,
Onsemi,STOCK,ON.US,BUY,1.0,50.5,2025-10-14 00:00:00,52.52,2025-10-17 00:00:00,2.02,50.5,52.52,,,0.0,,,52793784,,,
Robinhood,STOCK,HOOD.US,BUY,1.0,139.0,2025-10-13 00:00:00,132.7,2025-10-16 00:00:00,-6.3,139.0,132.7,,,0.0,,,52793784,,,
Hims & Hers Health,STOCK,HIMS.US,BUY,2.0,56.46,2025-10-15 00:00:00,61.81,2025-10-16 00:00:00,10.7,112.92,123.62,,,0.0,,,52793784,,,
Bank of America,STOCK,BAC.US,BUY,1.0,49.17,2025-10-13 00:00:00,52.33,2025-10-16 00:00:00,3.16,49.17,52.33,,,0.0,,,52793784,,,
Chewy,STOCK,CHWY.US,BUY,2.0,38.75,2025-10-10 00:00:00,37.97,2025-10-15 00:00:00,-1.56,77.5,75.94,,,0.0,,,52793784,,,
Hewlett-Packard,STOCK,HPQ.US,BUY,2.0,28.42,2025-10-14 00:00:00,28.74,2025-10-15 00:00:00,0.64,56.84,57.48,,,0.0,,,52793784,,,
Amazon,STOCK,AMZN.US,BUY,1.0,220.0,2025-10-13 00:00:00,216.29,2025-10-15 00:00:00,-3.71,220.0,216.29,,,0.0,,,52793784,,,
Alibaba,STOCK,BABA.US,BUY,1.0,166.27,2025-10-13 00:00:00,160.9,2025-10-14 00:00:00,-5.37,166.27,160.9,,,0.0,,,52793784,,,
Bank of America,STOCK,BAC.US,BUY,0.41,49.23,2025-10-13 00:00:00,49.16,2025-10-13 00:00:00,-0.03,20.26,20.23,,,0.0,,,52793784,,,
PayPal,STOCK,PYPL.US,BUY,1.0,73.52,2025-10-10 00:00:00,69.7,2025-10-13 00:00:00,-3.82,73.52,69.7,,,0.0,,,52793784,,,
Coca-Cola,STOCK,KO.US,BUY,1.0,67.0,2025-10-10 00:00:00,66.01,2025-10-13 00:00:00,-0.99,67.0,66.01,,,0.0,,,52793784,,,
Joby Aviation,STOCK,JOBY.US,BUY,2.0,17.19,2025-10-08 00:00:00,17.45,2025-10-09 00:00:00,0.52,34.38,34.9,,,0.0,,,52793784,,,
Uber,STOCK,UBER.US,BUY,1.0,99.5,2025-10-08 00:00:00,98.86,2025-10-09 00:00:00,-0.64,99.5,98.86,,,0.0,,,52793784,,,
Nuscale Power,STOCK,SMR.US,BUY,2.0,40.0,2025-10-08 00:00:00,38.75,2025-10-08 00:00:00,-2.5,80.0,77.5,,,0.0,,,52793784,,,
D-Wave Quantum Inc,STOCK,QBTS.US,BUY,1.0,36.15,2025-10-08 00:00:00,35.4,2025-10-08 00:00:00,-0.75,36.15,35.4,,,0.0,,,52793784,,,
Mp Materials,STOCK,MP.US,BUY,1.0,73.5,2025-10-08 00:00:00,70.96,2025-10-08 00:00:00,-2.54,73.5,70.96,,,0.0,,,52793784,,,
Duolingo,STOCK,DUOL.US,BUY,1.0,319.79,2025-10-07 00:00:00,323.01,2025-10-08 00:00:00,3.22,319.79,323.01,,,0.0,,,52793784,,,
Gitlab,STOCK,GTLB.US,BUY,1.0,44.5,2025-10-07 00:00:00,46.16,2025-10-08 00:00:00,1.66,44.5,46.16,,,0.0,,,52793784,,,
EOG Resources,STOCK,EOG.US,BUY,1.0,110.45,2025-10-02 00:00:00,110.0,2025-10-08 00:00:00,-0.45,110.45,110.0,,,0.0,,,52793784,,,
UPS,STOCK,UPS.US,BUY,1.0,86.5,2025-10-06 00:00:00,85.52,2025-10-08 00:00:00,-0.98,86.5,85.52,,,0.0,,,52793784,,,
Aehr Test,STOCK,AEHR.US,BUY,1.0,26.1,2025-10-07 00:00:00,25.76,2025-10-08 00:00:00,-0.34,26.1,25.76,,,0.0,,,52793784,,,
Oscar Health,STOCK,OSCR.US,BUY,3.0,23.12,2025-10-07 00:00:00,22.6,2025-10-07 00:00:00,-1.56,69.36,67.8,,,0.0,,,52793784,,,
PayPal,STOCK,PYPL.US,BUY,1.0,69.5,2025-10-06 00:00:00,73.14,2025-10-07 00:00:00,3.64,69.5,73.14,,,0.0,,,52793784,,,
SoFi,STOCK,SOFI.US,BUY,2.0,25.54,2025-10-06 00:00:00,25.62,2025-10-06 00:00:00,0.16,51.08,51.24,,,0.0,,,52793784,,,
Power Solutions International,STOCK,PSIX.US,BUY,1.0,94.91,2025-10-02 00:00:00,91.5,2025-10-06 00:00:00,-3.41,94.91,91.5,,,0.0,,,52793784,,,
Opendoor,STOCK,OPEN.US,BUY,10.0,8.52,2025-10-03 00:00:00,8.23,2025-10-06 00:00:00,-2.9,85.2,82.3,,,0.0,,,52793784,,,
Opendoor,STOCK,OPEN.US,BUY,10.0,8.15,2025-09-30 00:00:00,8.39,2025-10-03 00:00:00,2.4,81.5,83.9,,,0.0,,,52793784,,,
PayPal,STOCK,PYPL.US,BUY,1.0,67.34,2025-09-30 00:00:00,67.99,2025-10-03 00:00:00,0.65,67.34,67.99,,,0.0,,,52793784,,,
Synovus,STOCK,SNV.US,BUY,1.0,48.0,2025-09-30 00:00:00,47.89,2025-10-02 00:00:00,-0.11,48.0,47.89,,,0.0,,,52793784,,,
Oklo Inc,STOCK,OKLO.US,BUY,1.0,111.8,2025-10-01 00:00:00,117.7,2025-10-02 00:00:00,5.9,111.8,117.7,,,0.0,,,52793784,,,
Intuitive Machines,STOCK,LUNR.US,BUY,2.0,9.9,2025-09-25 00:00:00,10.05,2025-09-29 00:00:00,0.3,19.8,20.1,,,0.0,,,52793784,,,
Intel,STOCK,INTC.US,BUY,1.0,31.0,2025-09-18 00:00:00,33.85,2025-09-29 00:00:00,2.85,31.0,33.85,,,0.0,,,52793784,,,
Opendoor,STOCK,OPEN.US,BUY,10.0,8.5,2025-09-26 00:00:00,8.54,2025-09-29 00:00:00,0.4,85.0,85.4,,,0.0,,,52793784,,,
US2000,CFD,US2000,BUY,0.01,2440.3,2025-09-26 00:00:00,2440.4,2025-09-26 00:00:00,0.2,,,,2452.3,0.0,48.81,0.0,52793784,,,
Pfizer,STOCK,PFE.US,BUY,1.0,24.0,2025-09-24 00:00:00,23.7,2025-09-26 00:00:00,-0.3,24.0,23.7,,,0.0,,,52793784,,,
SoundHound,STOCK,SOUN.US,BUY,1.0,16.38,2025-09-25 00:00:00,16.39,2025-09-26 00:00:00,0.01,16.38,16.39,,,0.0,,,52793784,,,
Rocket Lab,STOCK,RKLB.US,BUY,1.0,46.25,2025-09-25 00:00:00,46.56,2025-09-26 00:00:00,0.31,46.25,46.56,,,0.0,,,52793784,,,
Novo Nordisk,STOCK,NVO.US,BUY,1.0,56.5,2025-09-25 00:00:00,55.69,2025-09-26 00:00:00,-0.81,56.5,55.69,,,0.0,,,52793784,,,
Novo Nordisk,STOCK,NVO.US,BUY,1.0,57.0,2025-09-25 00:00:00,55.69,2025-09-26 00:00:00,-1.31,57.0,55.69,,,0.0,,,52793784,,,
BigBear.ai,STOCK,BBAI.US,BUY,4.0,7.07,2025-09-25 00:00:00,6.91,2025-09-26 00:00:00,-0.64,28.28,27.64,,,0.0,,,52793784,,,
Opendoor,STOCK,OPEN.US,BUY,5.0,8.03,2025-09-25 00:00:00,8.66,2025-09-26 00:00:00,3.15,40.15,43.3,,,0.0,,,52793784,,,
Opendoor,STOCK,OPEN.US,BUY,5.0,7.66,2025-09-24 00:00:00,8.66,2025-09-26 00:00:00,5.0,38.3,43.3,,,0.0,,,52793784,,,
Eos Energy Enterprises Inc,STOCK,EOSE.US,BUY,1.0,10.0,2025-09-23 00:00:00,9.81,2025-09-25 00:00:00,-0.19,10.0,9.81,,,0.0,,,52793784,,,
JD.com,STOCK,JD.US,BUY,1.0,35.51,2025-09-24 00:00:00,34.56,2025-09-25 00:00:00,-0.95,35.51,34.56,,,0.0,,,52793784,,,
Webull,STOCK,BULL.US,BUY,2.0,14.3,2025-09-23 00:00:00,13.35,2025-09-25 00:00:00,-1.9,28.6,26.7,,,0.0,,,52793784,,,
US100,CFD,US100,BUY,0.01,24674.32,2025-09-24 00:00:00,24683.96,2025-09-24 00:00:00,1.93,,,,24794.7,0.0,24.67,0.0,52793784,,,
Zeta Global,STOCK,ZETA.US,BUY,2.0,21.7,2025-09-22 00:00:00,21.22,2025-09-24 00:00:00,-0.96,43.4,42.44,,,0.0,,,52793784,,,
Uipath,STOCK,PATH.US,BUY,2.0,13.0,2025-09-23 00:00:00,12.44,2025-09-24 00:00:00,-1.12,26.0,24.88,,,0.0,,,52793784,,,
Opendoor,STOCK,OPEN.US,BUY,10.0,7.7,2025-09-23 00:00:00,7.97,2025-09-24 00:00:00,2.7,77.0,79.7,,,0.0,,,52793784,,,
Opendoor,STOCK,OPEN.US,BUY,10.0,7.4,2025-09-23 00:00:00,7.97,2025-09-24 00:00:00,5.7,74.0,79.7,,,0.0,,,52793784,,,
Samsara,STOCK,IOT.US,BUY,1.0,39.5,2025-09-22 00:00:00,38.17,2025-09-24 00:00:00,-1.33,39.5,38.17,,,0.0,,,52793784,,,
Rocket Lab,STOCK,RKLB.US,BUY,1.0,48.39,2025-09-18 00:00:00,51.57,2025-09-24 00:00:00,3.18,48.39,51.57,,,0.0,,,52793784,,,
Zeta Global,STOCK,ZETA.US,BUY,3.0,21.7,2025-09-22 00:00:00,22.09,2025-09-23 00:00:00,1.17,65.1,66.27,,,0.0,,,52793784,,,
Upstart,STOCK,UPST.US,BUY,1.0,64.5,2025-09-22 00:00:00,64.71,2025-09-23 00:00:00,0.21,64.5,64.71,,,0.0,,,52793784,,,
COFFEE,CFD,COFFEE,BUY,0.0,360.2,2025-09-23 00:00:00,361.4,2025-09-23 00:00:00,12.0,,,361.04,365.28,0.0,54.03,0.0,52793784,,,
COFFEE,CFD,COFFEE,BUY,0.0,359.07,2025-09-23 00:00:00,360.27,2025-09-23 00:00:00,12.0,,,360.6,369.25,0.0,53.86,0.0,52793784,,,
COFFEE,CFD,COFFEE,BUY,0.0,359.3,2025-09-23 00:00:00,359.22,2025-09-23 00:00:00,-0.8,,,359.63,369.39,0.0,53.9,0.0,52793784,,,
COFFEE,CFD,COFFEE,BUY,0.01,387.57,2025-09-17 00:00:00,388.87,2025-09-17 00:00:00,26.0,,,,388.76,0.0,116.27,0.0,52793784,,,
COFFEE,CFD,COFFEE,BUY,0.01,387.57,2025-09-17 00:00:00,388.12,2025-09-17 00:00:00,11.0,,,,390.09,0.0,116.27,0.0,52793784,,,
Centene,STOCK,CNC.US,BUY,2.0,33.0,2025-09-15 00:00:00,32.43,2025-09-16 00:00:00,-1.14,66.0,64.86,,,0.0,,,52793784,,,
Robinhood,STOCK,HOOD.US,BUY,1.0,114.0,2025-09-15 00:00:00,114.85,2025-09-16 00:00:00,0.85,114.0,114.85,,,0.0,,,52793784,,,
Adobe Systems,CFD,ADBE.US,BUY,1.0,360.71,2025-09-12 00:00:00,347.35,2025-09-12 00:00:00,-13.36,,,,375.22,0.0,72.14,0.0,52793784,,,
UPS,CFD,UPS.US,BUY,4.0,83.0,2025-09-11 00:00:00,83.73,2025-09-12 00:00:00,2.84,,,83.75,98.19,0.0,66.4,-0.08,52793784,,,
Oracle,CFD,ORCL.US,BUY,1.0,314.95,2025-09-11 00:00:00,315.34,2025-09-11 00:00:00,0.39,,,,330.5,0.0,62.99,0.0,52793784,,,
Centene,CFD,CNC.US,BUY,5.0,30.23,2025-09-10 00:00:00,34.69,2025-09-11 00:00:00,22.26,,,31.23,41.67,0.0,30.23,-0.04,52793784,,,
Upstart,CFD,UPST.US,BUY,1.0,63.0,2025-09-10 00:00:00,62.6,2025-09-10 00:00:00,-0.4,,,,63.21,0.0,18.9,0.0,52793784,,,
Oracle,CFD,ORCL.US,BUY,2.0,327.03,2025-09-10 00:00:00,331.41,2025-09-10 00:00:00,8.76,,,,,0.0,130.81,0.0,52793784,,,
Qualcomm,CFD,QCOM.US,BUY,5.0,158.94,2025-09-09 00:00:00,157.96,2025-09-09 00:00:00,-4.9,,,158.02,160.09,0.0,158.94,0.0,52793784,,,
Qualcomm,CFD,QCOM.US,BUY,5.0,160.15,2025-09-08 00:00:00,158.99,2025-09-08 00:00:00,-5.8,,,159.0,163.04,0.0,160.15,0.0,52793784,,,
Nvidia,CFD,NVDA.US,BUY,3.0,166.48,2025-09-05 00:00:00,169.02,2025-09-08 00:00:00,7.26,,,169.02,181.64,0.0,99.89,-0.36,52793784,,,
US100,CFD,US100,BUY,0.01,23626.29,2025-09-05 00:00:00,23627.95,2025-09-05 00:00:00,0.33,,,,23669.09,0.0,23.63,0.0,52793784,,,
US100,CFD,US100,BUY,0.01,23625.28,2025-09-05 00:00:00,23637.96,2025-09-05 00:00:00,2.54,,,23638.14,23694.85,0.0,23.63,0.0,52793784,,,
US100,CFD,US100,BUY,0.01,23613.81,2025-09-05 00:00:00,23633.99,2025-09-05 00:00:00,4.04,,,23634.15,23872.93,0.0,23.61,0.0,52793784,,,
Tempus AI,STOCK,TEM.US,BUY,1.0,75.77,2025-09-03 00:00:00,76.82,2025-09-05 00:00:00,1.05,75.77,76.82,,,0.0,,,52793784,,,
Upstart,STOCK,UPST.US,BUY,1.0,69.1,2025-09-02 00:00:00,64.83,2025-09-03 00:00:00,-4.27,69.1,64.83,,,0.0,,,52793784,,,
AeroVironment,STOCK,AVAV.US,BUY,1.0,184.0,2026-05-26 00:00:00,212.07,2026-05-28 00:00:00,28.07,184.0,212.07,,,0.0,,,53682207,,,
Vistra Energy,STOCK,VST.US,BUY,1.0,160.0,2026-05-28 00:00:00,161.87,2026-05-28 00:00:00,1.87,160.0,161.87,,,0.0,,,53682207,,,
SoFi,STOCK,SOFI.US,BUY,10.0,16.0,2026-05-26 00:00:00,16.08,2026-05-28 00:00:00,0.8,160.0,160.8,,,0.0,,,53682207,,,
Vistra Energy,STOCK,VST.US,BUY,1.0,141.0,2026-05-13 00:00:00,165.0,2026-05-26 00:00:00,24.0,141.0,165.0,,,0.0,,,53682207,,,
Vistra Energy,STOCK,VST.US,BUY,2.0,140.5,2026-05-13 00:00:00,165.0,2026-05-26 00:00:00,49.0,281.0,330.0,,,0.0,,,53682207,,,
Alibaba,STOCK,BABA.US,BUY,1.0,129.0,2026-05-21 00:00:00,129.77,2026-05-22 00:00:00,0.77,129.0,129.77,,,0.0,,,53682207,,,
SoFi,STOCK,SOFI.US,BUY,4.0,15.5,2026-05-21 00:00:00,15.61,2026-05-22 00:00:00,0.44,62.0,62.44,,,0.0,,,53682207,,,
Critical Metals,STOCK,CRML.US,BUY,1.0,11.28,2026-05-21 00:00:00,11.31,2026-05-21 00:00:00,0.03,11.28,11.31,,,0.0,,,53682207,,,
United States Antimony,STOCK,UAMY.US,BUY,10.0,8.4,2026-05-20 00:00:00,8.45,2026-05-21 00:00:00,0.5,84.0,84.5,,,0.0,,,53682207,,,
Gambling.com,STOCK,GAMB.US,BUY,20.0,4.45,2026-05-07 00:00:00,4.19,2026-05-13 00:00:00,-5.2,89.0,83.8,,,0.0,,,53682207,,,
Tencent Music,STOCK,TME.US,BUY,10.0,9.38,2026-05-07 00:00:00,8.92,2026-05-13 00:00:00,-4.6,93.8,89.2,,,0.0,,,53682207,,,
Critical Metals,STOCK,CRML.US,BUY,5.0,8.2,2026-03-19 00:00:00,11.88,2026-04-20 00:00:00,18.4,41.0,59.4,,,0.0,,,53682207,,,
Critical Metals,STOCK,CRML.US,BUY,10.0,9.9,2026-03-11 00:00:00,11.88,2026-04-20 00:00:00,19.8,99.0,118.8,,,0.0,,,53682207,,,
Stratasys,STOCK,SSYS.US,BUY,5.0,7.6,2026-03-20 00:00:00,8.84,2026-04-20 00:00:00,6.2,38.0,44.2,,,0.0,,,53682207,,,
Silver Trust,ETF,SLV.US,BUY,1.0,63.0,2026-03-19 00:00:00,72.25,2026-04-20 00:00:00,9.25,63.0,72.25,,,0.0,,,53682207,,,
Barrick Mining,STOCK,B.US,BUY,1.0,37.5,2026-03-19 00:00:00,42.84,2026-04-20 00:00:00,5.34,37.5,42.84,,,0.0,,,53682207,,,
Enovix,STOCK,ENVX.US,BUY,10.0,4.9,2026-03-10 00:00:00,4.98,2026-03-11 00:00:00,0.8,49.0,49.8,,,0.0,,,53682207,,,
Hims & Hers Health,STOCK,HIMS.US,BUY,1.0,23.0,2026-03-10 00:00:00,23.1,2026-03-10 00:00:00,0.1,23.0,23.1,,,0.0,,,53682207,,,
BigBear.ai,STOCK,BBAI.US,BUY,2.0,3.92,2026-02-27 00:00:00,4.24,2026-03-10 00:00:00,0.64,7.84,8.48,,,0.0,,,53682207,,,
Microsoft,STOCK,MSFT.US,BUY,1.0,394.52,2026-02-27 00:00:00,404.85,2026-03-10 00:00:00,10.33,394.52,404.85,,,0.0,,,53682207,,,
Microsoft,STOCK,MSFT.US,BUY,1.0,399.75,2026-02-06 00:00:00,402.24,2026-02-26 00:00:00,2.49,399.75,402.24,,,0.0,,,53682207,,,
Energy Select Sector,ETF,XLE.US,BUY,1.0,51.5,2026-02-05 00:00:00,51.63,2026-02-05 00:00:00,0.13,51.5,51.63,,,0.0,,,53682207,,,
Nuscale Power,STOCK,SMR.US,BUY,1.0,17.0,2026-02-04 00:00:00,15.91,2026-02-05 00:00:00,-1.09,17.0,15.91,,,0.0,,,53682207,,,
Relmada Therapeutics,STOCK,RLMD.US,BUY,10.0,3.6,2026-01-30 00:00:00,3.5,2026-02-02 00:00:00,-1.0,36.0,35.0,,,0.0,,,53682207,,,
Robinhood,STOCK,HOOD.US,BUY,1.0,102.98,2026-01-30 00:00:00,93.46,2026-02-02 00:00:00,-9.52,102.98,93.46,,,0.0,,,53682207,,,
Robinhood,STOCK,HOOD.US,BUY,1.0,100.64,2026-01-29 00:00:00,93.46,2026-02-02 00:00:00,-7.18,100.64,93.46,,,0.0,,,53682207,,,
Fiserv,STOCK,FISV.US,BUY,1.0,64.5,2026-01-29 00:00:00,63.6,2026-01-29 00:00:00,-0.9,64.5,63.6,,,0.0,,,53682207,,,
Fiserv,STOCK,FISV.US,BUY,1.0,66.5,2026-01-26 00:00:00,63.6,2026-01-29 00:00:00,-2.9,66.5,63.6,,,0.0,,,53682207,,,
Marvell,STOCK,MRVL.US,BUY,1.0,81.0,2026-01-26 00:00:00,82.9,2026-01-28 00:00:00,1.9,81.0,82.9,,,0.0,,,53682207,,,
Nike,STOCK,NKE.US,BUY,1.0,65.0,2026-01-21 00:00:00,65.27,2026-01-26 00:00:00,0.27,65.0,65.27,,,0.0,,,53682207,,,
Vistra Energy,STOCK,VST.US,BUY,1.0,161.5,2026-01-22 00:00:00,162.89,2026-01-26 00:00:00,1.39,161.5,162.89,,,0.0,,,53682207,,,
PayPal,STOCK,PYPL.US,BUY,1.0,56.87,2026-01-15 00:00:00,56.09,2026-01-21 00:00:00,-0.78,56.87,56.09,,,0.0,,,53682207,,,
Oddity Tech Ltd,STOCK,ODD.US,BUY,1.0,34.3,2026-01-21 00:00:00,34.5,2026-01-21 00:00:00,0.2,34.3,34.5,,,0.0,,,53682207,,,
Trade Desk,STOCK,TTD.US,BUY,1.0,34.9,2026-01-21 00:00:00,35.44,2026-01-21 00:00:00,0.54,34.9,35.44,,,0.0,,,53682207,,,
Hims & Hers Health,STOCK,HIMS.US,BUY,1.0,32.3,2026-01-09 00:00:00,28.31,2026-01-21 00:00:00,-3.99,32.3,28.31,,,0.0,,,53682207,,,
Hims & Hers Health,STOCK,HIMS.US,BUY,1.0,35.5,2026-01-07 00:00:00,28.31,2026-01-21 00:00:00,-7.19,35.5,28.31,,,0.0,,,53682207,,,
Trade Desk,STOCK,TTD.US,BUY,0.06,34.9,2026-01-21 00:00:00,34.91,2026-01-21 00:00:00,0.0,2.08,2.08,,,0.0,,,53682207,,,
Oddity Tech Ltd,STOCK,ODD.US,BUY,4.0,34.51,2026-01-15 00:00:00,34.58,2026-01-21 00:00:00,0.28,138.04,138.32,,,0.0,,,53682207,,,
Redwire,STOCK,RDW.US,BUY,1.0,11.75,2026-01-16 00:00:00,10.98,2026-01-20 00:00:00,-0.77,11.75,10.98,,,0.0,,,53682207,,,
Oddity Tech Ltd,STOCK,ODD.US,BUY,1.0,34.51,2026-01-15 00:00:00,34.78,2026-01-15 00:00:00,0.27,34.51,34.78,,,0.0,,,53682207,,,
Netflix,STOCK,NFLX.US,BUY,1.0,89.0,2026-01-14 00:00:00,89.17,2026-01-15 00:00:00,0.17,89.0,89.17,,,0.0,,,53682207,,,
TSS,STOCK,TSSI.US,BUY,1.0,7.9,2026-01-05 00:00:00,9.56,2026-01-14 00:00:00,1.66,7.9,9.56,,,0.0,,,53682207,,,
Asset Entities,STOCK,ASST.US,BUY,10.0,1.0,2026-01-06 00:00:00,1.03,2026-01-14 00:00:00,0.3,10.0,10.3,,,0.0,,,53682207,,,
Nike,STOCK,NKE.US,BUY,1.0,63.5,2026-01-07 00:00:00,66.87,2026-01-14 00:00:00,3.37,63.5,66.87,,,0.0,,,53682207,,,
Humacyte Inc,STOCK,HUMA.US,BUY,10.0,1.22,2026-01-07 00:00:00,1.12,2026-01-12 00:00:00,-1.0,12.2,11.2,,,0.0,,,53682207,,,
Opendoor,CFD,OPEN.US,BUY,10.0,6.4,2026-01-07 00:00:00,7.03,2026-01-12 00:00:00,6.3,,,7.15,,0.0,64.0,0.0,53682207,,,
Hims & Hers Health,STOCK,HIMS.US,BUY,1.0,35.0,2026-01-06 00:00:00,35.62,2026-01-07 00:00:00,0.62,35.0,35.62,,,0.0,,,53682207,,,
Nike,STOCK,NKE.US,BUY,2.0,63.6,2026-01-02 00:00:00,64.1,2026-01-07 00:00:00,1.0,127.2,128.2,,,0.0,,,53682207,,,
Marathon,STOCK,MARA.US,BUY,5.0,10.0,2026-01-06 00:00:00,10.17,2026-01-07 00:00:00,0.85,50.0,50.85,,,0.0,,,53682207,,,
Robinhood,STOCK,HOOD.US,BUY,1.0,113.0,2026-01-02 00:00:00,120.79,2026-01-06 00:00:00,7.79,113.0,120.79,,,0.0,,,53682207,,,
Alibaba,STOCK,BABA.US,BUY,1.0,125.0,2026-05-28 00:00:00,125.68,2026-05-28 00:00:00,0.68,125.0,125.68,,,0.0,,,54601823,,,
Alibaba,STOCK,BABA.US,BUY,1.0,129.8,2026-05-22 00:00:00,125.68,2026-05-28 00:00:00,-4.12,129.8,125.68,,,0.0,,,54601823,,,
Alibaba,STOCK,BABA.US,BUY,1.0,136.0,2026-05-19 00:00:00,125.68,2026-05-28 00:00:00,-10.32,136.0,125.68,,,0.0,,,54601823,,,
Rackspace Technology,STOCK,RXT.US,BUY,20.0,4.35,2026-05-22 00:00:00,4.87,2026-05-27 00:00:00,10.4,87.0,97.4,,,0.0,,,54601823,,,
Robinhood,STOCK,HOOD.US,BUY,4.0,74.0,2026-05-26 00:00:00,74.15,2026-05-26 00:00:00,0.6,296.0,296.6,,,0.0,,,54601823,,,
Vistra Energy,STOCK,VST.US,BUY,1.0,140.0,2026-05-14 00:00:00,165.0,2026-05-26 00:00:00,25.0,140.0,165.0,,,0.0,,,54601823,,,
Vistra Energy,STOCK,VST.US,BUY,1.0,141.0,2026-05-13 00:00:00,165.0,2026-05-26 00:00:00,24.0,141.0,165.0,,,0.0,,,54601823,,,
Vistra Energy,STOCK,VST.US,BUY,1.0,140.0,2026-05-13 00:00:00,165.0,2026-05-26 00:00:00,25.0,140.0,165.0,,,0.0,,,54601823,,,
PayPal,STOCK,PYPL.US,BUY,5.0,45.3,2026-05-11 00:00:00,44.32,2026-05-26 00:00:00,-4.9,226.5,221.6,,,0.0,,,54601823,,,
Energy Select Sector,ETF,XLE.US,BUY,2.0,56.5,2026-05-11 00:00:00,59.19,2026-05-22 00:00:00,5.38,113.0,118.38,,,0.0,,,54601823,,,
Nike,STOCK,NKE.US,BUY,1.0,42.0,2026-05-13 00:00:00,44.37,2026-05-22 00:00:00,2.37,42.0,44.37,,,0.0,,,54601823,,,
Nike,STOCK,NKE.US,BUY,3.0,43.75,2026-05-11 00:00:00,44.37,2026-05-22 00:00:00,1.86,131.25,133.11,,,0.0,,,54601823,,,
Netflix,STOCK,NFLX.US,BUY,1.0,87.73,2026-05-08 00:00:00,88.97,2026-05-22 00:00:00,1.24,87.73,88.97,,,0.0,,,54601823,,,
Netflix,STOCK,NFLX.US,BUY,1.0,93.0,2026-04-30 00:00:00,88.97,2026-05-22 00:00:00,-4.03,93.0,88.97,,,0.0,,,54601823,,,
Uber,STOCK,UBER.US,BUY,2.0,79.5,2026-05-07 00:00:00,75.13,2026-05-13 00:00:00,-8.74,159.0,150.26,,,0.0,,,54601823,,,
Tencent Music,STOCK,TME.US,BUY,10.0,9.4,2026-05-07 00:00:00,8.96,2026-05-13 00:00:00,-4.4,94.0,89.6,,,0.0,,,54601823,,,
Hims & Hers Health,STOCK,HIMS.US,BUY,5.0,29.0,2026-05-11 00:00:00,23.47,2026-05-13 00:00:00,-27.65,145.0,117.35,,,0.0,,,54601823,,,
Verisk,STOCK,VRSK.US,BUY,1.0,176.0,2026-05-07 00:00:00,161.22,2026-05-13 00:00:00,-14.78,176.0,161.22,,,0.0,,,54601823,,,
Nuscale Power,STOCK,SMR.US,BUY,10.0,12.15,2026-04-30 00:00:00,11.68,2026-05-05 00:00:00,-4.7,121.5,116.8,,,0.0,,,54601823,,,
Eos Energy Enterprises Inc,STOCK,EOSE.US,BUY,6.0,6.5,2026-05-01 00:00:00,6.17,2026-05-05 00:00:00,-1.98,39.0,37.02,,,0.0,,,54601823,,,
Robinhood,STOCK,HOOD.US,BUY,1.0,70.0,2026-03-24 00:00:00,89.55,2026-04-21 00:00:00,19.55,70.0,89.55,,,0.0,,,54601823,,,
Alibaba,STOCK,BABA.US,BUY,1.0,125.0,2026-03-23 00:00:00,138.0,2026-04-21 00:00:00,13.0,125.0,138.0,,,0.0,,,54601823,,,
Vistra Energy,STOCK,VST.US,BUY,1.0,152.86,2026-03-23 00:00:00,161.55,2026-04-20 00:00:00,8.69,152.86,161.55,,,0.0,,,54601823,,,
Microsoft,STOCK,MSFT.US,BUY,1.0,385.0,2026-03-23 00:00:00,417.24,2026-04-20 00:00:00,32.24,385.0,417.24,,,0.0,,,54601823,,,
Critical Metals,STOCK,CRML.US,BUY,10.0,7.5,2026-03-26 00:00:00,8.29,2026-04-06 00:00:00,7.9,75.0,82.9,,,0.0,,,54601823,,,
Micron,STOCK,MU.US,BUY,1.0,366.0,2026-03-26 00:00:00,378.2,2026-04-06 00:00:00,12.2,366.0,378.2,,,0.0,,,54601823,,,
Marvell,,MRVL.US,Stock sell,,,,,,,,,,,,,,52793784,2026-06-03 13:31:15.581,317.58,1292759373.0
Marvell,,MRVL.US,Stock sell,,,,,,,,,,,,,,52793784,2026-06-03 13:31:15.579,317.58,1292759371.0
Marvell,,MRVL.US,Stock purchase,,,,,,,,,,,,,,52793784,2026-06-02 16:27:38.368,-280.0,1291175212.0
Hewlett Packard,,HPE.US,Stock sell,,,,,,,,,,,,,,52793784,2026-06-02 16:03:13.515,563.5,1291131052.0
Marvell,,MRVL.US,Stock purchase,,,,,,,,,,,,,,52793784,2026-06-02 15:25:33.237,-279.0,1291075161.0
Hewlett Packard,,HPE.US,Stock purchase,,,,,,,,,,,,,,52793784,2026-06-02 15:05:46.449,-588.0,1291032588.0
Everspin Technologies,,MRAM.US,Stock sell,,,,,,,,,,,,,,52793784,2026-06-02 13:47:54.939,320.6,1290755863.0
Everspin Technologies,,MRAM.US,Stock purchase,,,,,,,,,,,,,,52793784,2026-06-02 13:40:06.603,-318.0,1290713192.0
Meta,,META.US,Stock sell,,,,,,,,,,,,,,52793784,2026-06-02 13:39:31.664,598.48,1290710943.0
Nvidia,,NVDA.US,Stock sell,,,,,,,,,,,,,,52793784,2026-06-02 13:34:02.369,225.82,1290690816.0
Palantir,,PLTR.US,Stock sell,,,,,,,,,,,,,,52793784,2026-06-01 19:57:43.295,160.51,1289513766.0
ServiceNow,,NOW.US,Stock sell,,,,,,,,,,,,,,52793784,2026-06-01 19:53:42.063,135.79,1289509622.0
ServiceNow,,NOW.US,Stock purchase,,,,,,,,,,,,,,52793784,2026-06-01 18:14:05.479,-135.5,1289374073.0
Nvidia,,NVDA.US,Stock purchase,,,,,,,,,,,,,,52793784,2026-06-01 18:00:12.717,-223.5,1289362694.0
Dell,,DELL.US,Stock sell,,,,,,,,,,,,,,52793784,2026-06-01 13:56:27.070,445.01,1288760407.0
Dell,,DELL.US,Stock sell,,,,,,,,,,,,,,52793784,2026-06-01 13:56:27.069,445.01,1288760405.0
Dell,,DELL.US,Stock sell,,,,,,,,,,,,,,52793784,2026-06-01 13:56:27.067,445.01,1288760403.0
Meta,,META.US,Stock purchase,,,,,,,,,,,,,,52793784,2026-06-01 13:33:29.220,-620.0,1288590742.0
Dell,,DELL.US,Stock purchase,,,,,,,,,,,,,,52793784,2026-05-29 13:46:11.106,-418.0,1285844135.0
Dell,,DELL.US,Stock purchase,,,,,,,,,,,,,,52793784,2026-05-29 13:42:39.615,-418.0,1285832631.0
Dell,,DELL.US,Stock purchase,,,,,,,,,,,,,,52793784,2026-05-29 13:39:59.447,-418.0,1285784482.0
,,,Transfer,,,,,,,,,,,,,,52793784,2026-05-29 12:46:22.071,8.0,1285636436.0
,,,Transfer,,,,,,,,,,,,,,52793784,2026-05-29 12:43:53.684,1000.0,1285634301.0
Meta,,META.US,Stock sell,,,,,,,,,,,,,,52793784,2026-05-28 17:46:33.140,631.97,1284384013.0
Micron,,MU.US,Stock sell,,,,,,,,,,,,,,52793784,2026-05-28 17:03:52.657,949.0,1284332272.0
Micron,,MU.US,Stock purchase,,,,,,,,,,,,,,52793784,2026-05-27 13:33:36.748,-949.0,1281997213.0
Vistra Energy,,VST.US,Stock sell,,,,,,,,,,,,,,52793784,2026-05-26 15:33:58.277,164.62,1280475954.0
Vistra Energy,,VST.US,Stock sell,,,,,,,,,,,,,,52793784,2026-05-26 15:33:58.276,164.62,1280475952.0
Vistra Energy,,VST.US,Stock sell,,,,,,,,,,,,,,52793784,2026-05-26 15:33:58.275,493.86,1280475950.0
Palantir,,PLTR.US,Stock purchase,,,,,,,,,,,,,,52793784,2026-05-26 13:47:20.986,-134.0,1280182759.0
,,,Transfer,,,,,,,,,,,,,,52793784,2026-05-26 13:38:36.282,-5.0,1280120854.0
SoFi,,SOFI.US,Stock sell,,,,,,,,,,,,,,52793784,2026-05-22 18:20:33.726,156.3,1277259393.0
Nu Holdings,,NU.US,Stock sell,,,,,,,,,,,,,,52793784,2026-05-22 15:58:40.074,128.1,1277124259.0
Power Solutions International,,PSIX.US,Stock sell,,,,,,,,,,,,,,52793784,2026-05-22 15:43:47.963,385.2,1277113896.0
SoFi,,SOFI.US,Stock purchase,,,,,,,,,,,,,,52793784,2026-05-20 19:56:28.903,-156.3,1274082310.0
Power Solutions International,,PSIX.US,Stock purchase,,,,,,,,,,,,,,52793784,2026-05-20 19:29:19.661,-366.6,1274064568.0
Vistra Energy,,VST.US,Stock purchase,,,,,,,,,,,,,,52793784,2026-05-20 13:35:44.737,-139.9,1273424104.0
Palantir,,PLTR.US,Stock sell,,,,,,,,,,,,,,52793784,2026-05-20 13:34:38.310,133.2,1273421673.0
Palantir,,PLTR.US,Stock sell,,,,,,,,,,,,,,52793784,2026-05-20 13:34:38.309,133.2,1273421671.0
Microsoft,,MSFT.US,Stock sell,,,,,,,,,,,,,,52793784,2026-05-20 13:34:08.668,414.62,1273420731.0
ServiceNow,,NOW.US,Stock sell,,,,,,,,,,,,,,52793784,2026-05-20 13:33:31.472,99.29,1273419488.0
Nu Holdings,,NU.US,Stock purchase,,,,,,,,,,,,,,52793784,2026-05-15 19:08:53.909,-122.0,1268434422.0
Barrick Mining,,B.US,Stock sell,,,,,,,,,,,,,,52793784,2026-05-15 13:37:01.186,122.91,1267877428.0
ServiceNow,,NOW.US,Stock purchase,,,,,,,,,,,,,,52793784,2026-05-14 16:53:27.815,-90.8,1265703177.0
,,,Deposit,,,,,,,,,,,,,,52793784,2026-05-13 16:09:19.933,21.0,1263694441.0
Palantir,,PLTR.US,Stock purchase,,,,,,,,,,,,,,52793784,2026-05-13 15:46:17.894,-130.8,1263656260.0
,,,Transfer,,,,,,,,,,,,,,52793784,2026-05-13 15:03:30.195,-30.0,1263591243.0
Gambling.com,,GAMB.US,Stock sell,,,,,,,,,,,,,,52793784,2026-05-13 14:48:46.538,83.6,1263573264.0
Vistra Energy,,VST.US,Stock purchase,,,,,,,,,,,,,,52793784,2026-05-13 14:18:39.531,-140.0,1263483925.0
Palantir,,PLTR.US,Stock purchase,,,,,,,,,,,,,,52793784,2026-05-11 16:41:16.929,-135.4,1260151409.0
Microsoft,,MSFT.US,Stock purchase,,,,,,,,,,,,,,52793784,2026-05-11 14:17:04.798,-410.0,1259848749.0
Vistra Energy,,VST.US,Stock purchase,,,,,,,,,,,,,,52793784,2026-05-11 14:15:40.944,-447.0,1259844539.0
ONEOK,,OKE.US,Stock sell,,,,,,,,,,,,,,52793784,2026-05-11 13:45:38.734,85.35,1259682950.0
Robinhood,,HOOD.US,Stock sell,,,,,,,,,,,,,,52793784,2026-05-07 19:40:37.511,76.01,1255981432.0
Robinhood,,HOOD.US,Stock sell,,,,,,,,,,,,,,52793784,2026-05-07 19:40:37.510,76.01,1255981430.0
Bancolombia,,CIB.US,Stock sell,,,,,,,,,,,,,,52793784,2026-05-07 16:00:16.642,65.76,1255665158.0
Bancolombia,,CIB.US,Stock sell,,,,,,,,,,,,,,52793784,2026-05-07 16:00:16.640,328.8,1255665156.0
Gambling.com,,GAMB.US,Stock purchase,,,,,,,,,,,,,,52793784,2026-05-07 15:20:31.144,-89.0,1255575102.0
ONEOK,,OKE.US,Stock purchase,,,,,,,,,,,,,,52793784,2026-05-07 14:24:24.861,-84.5,1255406579.0
Meta,,META.US,Stock purchase,,,,,,,,,,,,,,52793784,2026-05-07 13:41:41.691,-621.35,1255259577.0
Rackspace Technology,,RXT.US,Stock sell,,,,,,,,,,,,,,52793784,2026-05-06 19:47:48.775,45.0,1254022697.0
Energy Select Sector,,XLE.US,Stock sell,,,,,,,,,,,,,,52793784,2026-05-06 14:54:00.662,57.19,1253663112.0
Rackspace Technology,,RXT.US,Stock purchase,,,,,,,,,,,,,,52793784,2026-05-05 17:18:38.264,-44.0,1251774763.0
AST SpaceMobile,,ASTS.US,Stock sell,,,,,,,,,,,,,,52793784,2026-05-05 13:58:22.170,65.56,1251408286.0
Bancolombia,,CIB.US,Stock purchase,,,,,,,,,,,,,,52793784,2026-05-04 18:29:07.022,-65.0,1249961155.0
Clorox,,CLX.US,Stock sell,,,,,,,,,,,,,,52793784,2026-05-01 18:40:56.646,172.56,1245936340.0
Bancolombia,,CIB.US,Stock purchase,,,,,,,,,,,,,,52793784,2026-04-30 14:09:28.470,-337.5,1244379714.0
Robinhood,,HOOD.US,Stock purchase,,,,,,,,,,,,,,52793784,2026-04-29 18:10:21.890,-70.0,1242618219.0
Barrick Mining,,B.US,Stock purchase,,,,,,,,,,,,,,52793784,2026-04-29 15:27:55.513,-114.9,1242431533.0
Robinhood,,HOOD.US,Stock purchase,,,,,,,,,,,,,,52793784,2026-04-29 13:38:39.984,-72.0,1242154434.0
AST SpaceMobile,,ASTS.US,Stock purchase,,,,,,,,,,,,,,52793784,2026-04-27 13:31:31.598,-75.0,1239071845.0
Clorox,,CLX.US,Stock purchase,,,,,,,,,,,,,,52793784,2026-04-24 14:40:41.097,-199.0,1237284716.0
Oracle,,ORCL.US,Withholding tax,,,,,,,,,,,,,,52793784,2026-04-24 09:59:07.401,-0.15,1236713692.0
Oracle,,ORCL.US,Withholding tax,,,,,,,,,,,,,,52793784,2026-04-24 09:59:06.876,-0.15,1236648083.0
Barrick Mining,,B.US,Stock sell,,,,,,,,,,,,,,52793784,2026-04-20 15:38:53.576,42.85,1230922144.0
Stratasys,,SSYS.US,Stock sell,,,,,,,,,,,,,,52793784,2026-04-20 15:38:44.330,44.05,1230922078.0
Active Gold & Silver Miners,,GBUG.US,Stock sell,,,,,,,,,,,,,,52793784,2026-04-20 15:38:32.027,49.72,1230921882.0
Silver Trust,,SLV.US,Stock sell,,,,,,,,,,,,,,52793784,2026-04-20 15:38:14.522,72.17,1230921721.0
Silver Trust,,SLV.US,Stock sell,,,,,,,,,,,,,,52793784,2026-04-20 15:38:14.521,72.17,1230921719.0
Palantir,,PLTR.US,Stock sell,,,,,,,,,,,,,,52793784,2026-04-20 15:37:52.949,144.66,1230921497.0
Oracle,,ORCL.US,Stock sell,,,,,,,,,,,,,,52793784,2026-04-20 15:37:45.810,174.66,1230921434.0
Oracle,,ORCL.US,Stock sell,,,,,,,,,,,,,,52793784,2026-04-20 15:37:45.809,174.66,1230921432.0
Microsoft,,MSFT.US,Stock sell,,,,,,,,,,,,,,52793784,2026-04-20 15:37:34.495,417.02,1230921303.0
Energy Select Sector,,XLE.US,Stock purchase,,,,,,,,,,,,,,52793784,2026-04-17 13:30:07.780,-54.41,1228084347.0
Powell Industries,,POWL.US,Stock sell,,,,,,,,,,,,,,52793784,2026-04-14 13:56:02.684,232.0,1222216368.0
Powell Industries,,POWL.US,Stock purchase,,,,,,,,,,,,,,52793784,2026-04-10 16:01:26.527,-230.0,1218436423.0
Palantir,,PLTR.US,Stock purchase,,,,,,,,,,,,,,52793784,2026-04-10 14:53:53.670,-127.0,1218286069.0
Estee Lauder,,EL.US,Stock sell,,,,,,,,,,,,,,52793784,2026-04-10 14:17:16.182,72.55,1218188185.0
Critical Metals,,CRML.US,Stock sell,,,,,,,,,,,,,,52793784,2026-04-10 14:05:57.289,97.8,1218144255.0
Critical Metals,,CRML.US,Stock sell,,,,,,,,,,,,,,52793784,2026-04-10 14:05:12.590,48.75,1218143268.0
Critical Metals,,CRML.US,Stock sell,,,,,,,,,,,,,,52793784,2026-04-10 14:05:12.589,48.75,1218143266.0
Meta,,META.US,Stock sell,,,,,,,,,,,,,,52793784,2026-04-10 14:04:05.051,630.99,1218141990.0
Energy Select Sector,,XLE.US,Stock sell,,,,,,,,,,,,,,52793784,2026-04-01 14:33:22.643,59.08,1205177635.0
,,,Transfer,,,,,,,,,,,,,,52793784,2026-03-31 17:54:26.362,-2.5,1202552509.0
,,,Transfer,,,,,,,,,,,,,,52793784,2026-03-26 18:44:48.173,-138.24,1195867561.0
IONQ,,IONQ.US,Stock sell,,,,,,,,,,,,,,52793784,2026-03-25 18:50:27.841,31.97,1193953707.0
Energy Select Sector,,XLE.US,Withholding tax,,,,,,,,,,,,,,52793784,2026-03-25 10:56:05.221,-0.12,1193027321.0
,,,Transfer,,,,,,,,,,,,,,52793784,2026-03-23 13:30:16.074,-4083.12,1189921669.0
IONQ,,IONQ.US,Stock purchase,,,,,,,,,,,,,,52793784,2026-03-20 19:26:49.369,-30.5,1187575548.0
Active Gold & Silver Miners,,GBUG.US,Stock purchase,,,,,,,,,,,,,,52793784,2026-03-19 15:31:13.149,-40.5,1185406166.0
Barrick Mining,,B.US,Stock purchase,,,,,,,,,,,,,,52793784,2026-03-19 14:41:56.954,-37.8,1185281334.0
Hims & Hers Health,,HIMS.US,Stock sell,,,,,,,,,,,,,,52793784,2026-03-19 14:00:29.557,23.2,1185145236.0
Hims & Hers Health,,HIMS.US,Stock sell,,,,,,,,,,,,,,52793784,2026-03-19 14:00:29.556,46.4,1185145234.0
Silver Trust,,SLV.US,Stock purchase,,,,,,,,,,,,,,52793784,2026-03-19 13:30:16.019,-61.92,1184998728.0
Microsoft,,MSFT.US,Stock purchase,,,,,,,,,,,,,,52793784,2026-03-17 14:23:36.421,-400.0,1181464112.0
Trump Media & Technology,,DJT.US,Stock sell,,,,,,,,,,,,,,52793784,2026-03-16 15:30:26.968,100.0,1180057840.0
Meta,,META.US,Stock purchase,,,,,,,,,,,,,,52793784,2026-03-16 13:39:38.621,-630.0,1179791077.0
Marathon,,MARA.US,Stock sell,,,,,,,,,,,,,,52793784,2026-03-13 14:29:05.089,48.75,1176958123.0
Trump Media & Technology,,DJT.US,Stock purchase,,,,,,,,,,,,,,52793784,2026-03-12 19:43:51.252,-100.0,1175445026.0
,,,Transfer,,,,,,,,,,,,,,52793784,2026-03-12 15:06:05.844,0.64,1174989397.0
Hims & Hers Health,,HIMS.US,Stock purchase,,,,,,,,,,,,,,52793784,2026-03-12 14:49:28.076,-25.0,1174922763.0
Oracle,,ORCL.US,Stock purchase,,,,,,,,,,,,,,52793784,2026-03-11 16:12:14.977,-164.0,1173001775.0
Oracle,,ORCL.US,Stock purchase,,,,,,,,,,,,,,52793784,2026-03-11 15:54:57.799,-165.08,1172964219.0
20 Year Treasury Bond,,TLT.US,Stock sell,,,,,,,,,,,,,,52793784,2026-03-11 15:28:22.947,87.4,1172928837.0
20 Year Treasury Bond,,TLT.US,Stock sell,,,,,,,,,,,,,,52793784,2026-03-11 15:28:22.946,87.4,1172928835.0
Oddity Tech Ltd,,ODD.US,Stock sell,,,,,,,,,,,,,,52793784,2026-03-11 15:24:36.825,12.79,1172904605.0
Enovix,,ENVX.US,Stock sell,,,,,,,,,,,,,,52793784,2026-03-11 15:12:39.178,99.6,1172887932.0
Intel,,INTC.US,Stock sell,,,,,,,,,,,,,,52793784,2026-03-11 15:00:01.015,48.36,1172869937.0
,,,Transfer,,,,,,,,,,,,,,52793784,2026-03-11 14:44:59.127,3.18,1172813755.0
,,,Transfer,,,,,,,,,,,,,,52793784,2026-03-11 14:43:46.851,98.6,1172811991.0
Marvell,,MRVL.US,Stock sell,,,,,,,,,,,,,,52793784,2026-03-11 14:40:33.066,92.9,1172807753.0
,,,Transfer,,,,,,,,,,,,,,52793784,2026-03-11 14:34:42.271,491.13,1172799774.0
,,,Transfer,,,,,,,,,,,,,,52793784,2026-03-11 14:30:10.992,651.64,1172790000.0
Microsoft,,MSFT.US,Stock sell,,,,,,,,,,,,,,52793784,2026-03-11 14:26:49.612,403.4,1172764465.0
Duolingo,,DUOL.US,Stock sell,,,,,,,,,,,,,,52793784,2026-03-11 13:35:21.926,97.0,1172631799.0
,,,Transfer,,,,,,,,,,,,,,52793784,2026-03-11 13:27:35.305,631.63,1172591600.0
,,,Transfer,,,,,,,,,,,,,,52793784,2026-03-11 13:27:14.911,1366.2,1172591325.0
Enovix,,ENVX.US,Stock purchase,,,,,,,,,,,,,,52793784,2026-03-10 15:57:22.297,-98.0,1171159653.0
Estee Lauder,,EL.US,Stock purchase,,,,,,,,,,,,,,52793784,2026-03-10 14:41:12.107,-94.8,1170978160.0
Duolingo,,DUOL.US,Stock purchase,,,,,,,,,,,,,,52793784,2026-03-10 14:19:46.461,-96.5,1170922916.0
Marvell,,MRVL.US,Stock purchase,,,,,,,,,,,,,,52793784,2026-03-09 14:11:26.802,-86.0,1168605575.0
Intel,,INTC.US,Stock purchase,,,,,,,,,,,,,,52793784,2026-03-09 14:01:43.777,-43.0,1168584261.0
Critical Metals,,CRML.US,Stock purchase,,,,,,,,,,,,,,52793784,2026-03-06 20:29:41.395,-89.0,1166374584.0
Stratasys,,SSYS.US,Stock purchase,,,,,,,,,,,,,,52793784,2026-03-06 20:26:25.025,-43.5,1166371492.0
Marathon,,MARA.US,Stock purchase,,,,,,,,,,,,,,52793784,2026-03-06 20:12:19.134,-40.0,1166359613.0
Oddity Tech Ltd,,ODD.US,Stock purchase,,,,,,,,,,,,,,52793784,2026-03-06 18:36:55.512,-14.0,1166271860.0
MercadoLibre,,MELI.US,Stock sell,,,,,,,,,,,,,,52793784,2026-03-06 16:13:29.456,1764.49,1166036823.0
20 Year Treasury Bond,,TLT.US,Withholding tax,,,,,,,,,,,,,,52793784,2026-03-06 10:53:02.458,-0.09,1165024193.0
20 Year Treasury Bond,,TLT.US,Withholding tax,,,,,,,,,,,,,,52793784,2026-03-06 10:53:02.458,-0.09,1165024191.0
MercadoLibre,,MELI.US,Stock purchase,,,,,,,,,,,,,,52793784,2026-03-05 17:06:52.699,-1789.72,1164068219.0
Duolingo,,DUOL.US,Stock sell,,,,,,,,,,,,,,52793784,2026-03-05 16:57:14.818,100.51,1164060343.0
Alibaba,,BABA.US,Stock sell,,,,,,,,,,,,,,52793784,2026-03-05 16:52:57.690,129.82,1164057294.0
Alibaba,,BABA.US,Stock sell,,,,,,,,,,,,,,52793784,2026-03-05 16:52:57.689,259.64,1164057292.0
Robinhood,,HOOD.US,Stock sell,,,,,,,,,,,,,,52793784,2026-03-05 16:35:01.402,78.97,1164042326.0
JPMorgan Chase,,JPM.US,Stock sell,,,,,,,,,,,,,,52793784,2026-03-04 17:43:48.282,297.85,1160796769.0
Duolingo,,DUOL.US,Stock purchase,,,,,,,,,,,,,,52793784,2026-03-04 15:25:25.879,-100.0,1160575572.0
Alibaba,,BABA.US,Stock purchase,,,,,,,,,,,,,,52793784,2026-03-04 14:35:31.689,-134.0,1160416685.0
Hims & Hers Health,,HIMS.US,Stock purchase,,,,,,,,,,,,,,52793784,2026-03-03 20:17:15.930,-32.0,1159300141.0
Silver Trust,,SLV.US,Stock purchase,,,,,,,,,,,,,,52793784,2026-03-03 19:57:07.793,-75.0,1159265625.0
Robinhood,,HOOD.US,Stock purchase,,,,,,,,,,,,,,52793784,2026-03-03 19:48:25.797,-76.9,1159256497.0
Hims & Hers Health,,HIMS.US,Stock sell,,,,,,,,,,,,,,52793784,2026-03-03 14:57:57.898,15.77,1158604368.0
Hims & Hers Health,,HIMS.US,Stock sell,,,,,,,,,,,,,,52793784,2026-03-03 14:57:57.897,15.77,1158604366.0
Silver Trust,,SLV.US,Stock sell,,,,,,,,,,,,,,52793784,2026-03-02 17:03:04.428,78.71,1156503925.0
JPMorgan Chase,,JPM.US,Stock purchase,,,,,,,,,,,,,,52793784,2026-03-02 15:08:52.584,-297.33,1156165004.0
Alibaba,,BABA.US,Stock purchase,,,,,,,,,,,,,,52793784,2026-03-02 14:56:34.717,-280.0,1156136903.0
Millicom International Cellular,,TIGO.US,Stock sell,,,,,,,,,,,,,,52793784,2026-02-27 18:49:57.652,72.92,1153440530.0
Millicom International Cellular,,TIGO.US,Stock purchase,,,,,,,,,,,,,,52793784,2026-02-27 18:41:19.662,-72.66,1153434552.0
Critical Metals,,CRML.US,Stock purchase,,,,,,,,,,,,,,52793784,2026-02-27 16:12:08.857,-50.0,1153259668.0
Microsoft,,MSFT.US,Stock purchase,,,,,,,,,,,,,,52793784,2026-02-27 14:52:37.039,-394.41,1153057942.0
Critical Metals,,CRML.US,Stock purchase,,,,,,,,,,,,,,52793784,2026-02-26 17:47:56.067,-51.75,1151715156.0
,,,Transfer,,,,,,,,,,,,,,52793784,2026-02-26 17:14:32.459,-31.72,1151675956.0
Hims & Hers Health,,HIMS.US,Stock purchase,,,,,,,,,,,,,,52793784,2026-02-26 16:46:12.511,-15.3,1151658170.0
Critical Metals,,CRML.US,Stock sell,,,,,,,,,,,,,,52793784,2026-02-26 16:29:38.245,107.1,1151605572.0
Microsoft,,MSFT.US,Stock sell,,,,,,,,,,,,,,52793784,2026-02-26 15:19:36.072,401.7,1151421241.0
Critical Metals,,CRML.US,Stock purchase,,,,,,,,,,,,,,52793784,2026-02-26 15:07:06.113,-106.7,1151390738.0
UnitedHealth,,UNH.US,Stock sell,,,,,,,,,,,,,,52793784,2026-02-26 14:38:11.971,292.0,1151312334.0
Robinhood,,HOOD.US,Stock sell,,,,,,,,,,,,,,52793784,2026-02-26 14:31:49.784,77.7,1151253827.0
Duolingo,,DUOL.US,Stock sell,,,,,,,,,,,,,,52793784,2026-02-26 14:31:12.547,112.68,1151251244.0
Marathon,,MARA.US,Stock sell,,,,,,,,,,,,,,52793784,2026-02-26 14:30:45.830,84.8,1151248044.0
Marathon,,MARA.US,Stock purchase,,,,,,,,,,,,,,52793784,2026-02-26 14:30:21.309,-84.0,1151241975.0
Hims & Hers Health,,HIMS.US,Stock purchase,,,,,,,,,,,,,,52793784,2026-02-25 16:16:45.753,-15.8,1150092948.0
Hims & Hers Health,,HIMS.US,Stock sell,,,,,,,,,,,,,,52793784,2026-02-25 16:04:05.843,16.01,1150082505.0
Hims & Hers Health,,HIMS.US,Stock purchase,,,,,,,,,,,,,,52793784,2026-02-25 15:57:04.323,-16.0,1150074739.0
PayPal,,PYPL.US,Stock sell,,,,,,,,,,,,,,52793784,2026-02-25 15:51:18.633,465.9,1150069044.0
PayPal,,PYPL.US,Stock sell,,,,,,,,,,,,,,52793784,2026-02-25 15:51:18.633,46.59,1150069042.0
Critical Metals,,CRML.US,Stock sell,,,,,,,,,,,,,,52793784,2026-02-25 15:07:42.878,107.9,1149965667.0
Critical Metals,,CRML.US,Stock sell,,,,,,,,,,,,,,52793784,2026-02-25 15:07:42.877,10.79,1149965665.0
Critical Metals,,CRML.US,Stock sell,,,,,,,,,,,,,,52793784,2026-02-25 15:07:42.876,10.79,1149965663.0
AMD,,AMD.US,Stock sell,,,,,,,,,,,,,,52793784,2026-02-25 14:35:47.861,211.04,1149856476.0
Trump Media & Technology,,DJT.US,Stock sell,,,,,,,,,,,,,,52793784,2026-02-24 18:18:51.511,102.9,1148916405.0
Trump Media & Technology,,DJT.US,Stock purchase,,,,,,,,,,,,,,52793784,2026-02-24 17:16:46.151,-102.5,1148844232.0
AMD,,AMD.US,Stock purchase,,,,,,,,,,,,,,52793784,2026-02-24 16:28:19.983,-211.0,1148810450.0
Rocket Lab,,RKLB.US,Stock sell,,,,,,,,,,,,,,52793784,2026-02-24 15:23:32.524,692.9,1148671315.0
Rocket Lab,,RKLB.US,Stock purchase,,,,,,,,,,,,,,52793784,2026-02-24 14:55:44.775,-690.0,1148609781.0
PayPal,,PYPL.US,Stock purchase,,,,,,,,,,,,,,52793784,2026-02-23 17:48:16.961,-445.0,1147458068.0
Critical Metals,,CRML.US,Stock purchase,,,,,,,,,,,,,,52793784,2026-02-23 17:13:35.414,-98.5,1147412645.0
20 Year Treasury Bond,,TLT.US,Stock purchase,,,,,,,,,,,,,,52793784,2026-02-23 16:18:40.254,-89.9,1147346796.0
Tempus AI,,TEM.US,Stock sell,,,,,,,,,,,,,,52793784,2026-02-23 16:16:22.232,56.45,1147343016.0
Tempus AI,,TEM.US,Stock sell,,,,,,,,,,,,,,52793784,2026-02-23 16:16:22.231,56.45,1147343014.0
BigBear.ai,,BBAI.US,Stock sell,,,,,,,,,,,,,,52793784,2026-02-23 16:13:06.786,37.8,1147338484.0
Opendoor,,OPEN.US,Stock sell,,,,,,,,,,,,,,52793784,2026-02-23 16:10:58.697,48.2,1147336112.0
Critical Metals,,CRML.US,Stock purchase,,,,,,,,,,,,,,52793784,2026-02-23 15:59:37.408,-9.5,1147274507.0
Opendoor,,OPEN.US,Stock purchase,,,,,,,,,,,,,,52793784,2026-02-23 15:22:44.947,-49.0,1147193838.0
UnitedHealth,,UNH.US,Stock purchase,,,,,,,,,,,,,,52793784,2026-02-23 15:15:26.029,-288.5,1147181753.0
Iveda Solutions,,IVDA.US,Stock sell,,,,,,,,,,,,,,52793784,2026-02-23 15:11:47.081,30.53,1147175388.0
Super Micro Computer,,SMCI.US,Stock sell,,,,,,,,,,,,,,52793784,2026-02-23 14:47:09.233,31.83,1147064160.0
Reddit Inc,,RDDT.US,Stock sell,,,,,,,,,,,,,,52793784,2026-02-23 14:46:50.140,146.02,1147063179.0
Microsoft,,MSFT.US,Stock purchase,,,,,,,,,,,,,,52793784,2026-02-23 14:36:07.507,-391.48,1147031209.0
PayPal,,PYPL.US,Stock purchase,,,,,,,,,,,,,,52793784,2026-02-23 14:31:11.560,-41.0,1146993684.0
Meta,,META.US,Stock sell,,,,,,,,,,,,,,52793784,2026-02-20 17:16:59.920,656.18,1145360323.0
20 Year Treasury Bond,,TLT.US,Stock purchase,,,,,,,,,,,,,,52793784,2026-02-20 15:16:44.540,-89.0,1145105500.0
Meta,,META.US,Stock purchase,,,,,,,,,,,,,,52793784,2026-02-20 14:50:23.402,-650.0,1144995679.0
Duolingo,,DUOL.US,Stock purchase,,,,,,,,,,,,,,52793784,2026-02-20 14:37:28.056,-110.0,1144970100.0
Tempus AI,,TEM.US,Stock purchase,,,,,,,,,,,,,,52793784,2026-02-19 17:27:23.173,-59.0,1144017906.0
Tempus AI,,TEM.US,Stock purchase,,,,,,,,,,,,,,52793784,2026-02-19 17:27:23.164,-59.0,1144017903.0
Brand Engagement Network,,BNAI.US,Stock sell,,,,,,,,,,,,,,52793784,2026-02-19 16:37:09.029,19.2,1143946688.0
Lloyds Banking,,LYG.US,Stock sell,,,,,,,,,,,,,,52793784,2026-02-19 16:36:49.460,55.9,1143946489.0
Coinbase,,COIN.US,Stock sell,,,,,,,,,,,,,,52793784,2026-02-19 15:46:46.846,164.75,1143879802.0
BigBear.ai,,BBAI.US,Stock purchase,,,,,,,,,,,,,,52793784,2026-02-18 20:30:00.482,-40.0,1142883716.0
Applovin,,APP.US,Stock sell,,,,,,,,,,,,,,52793784,2026-02-18 17:02:31.375,401.05,1142694429.0
Applovin,,APP.US,Stock purchase,,,,,,,,,,,,,,52793784,2026-02-18 15:28:24.814,-399.0,1142530682.0
UnitedHealth,,UNH.US,Stock sell,,,,,,,,,,,,,,52793784,2026-02-18 14:37:54.764,287.2,1142343360.0
AMD,,AMD.US,Stock sell,,,,,,,,,,,,,,52793784,2026-02-18 14:35:42.524,196.32,1142338244.0
Super Micro Computer,,SMCI.US,Stock purchase,,,,,,,,,,,,,,52793784,2026-02-18 14:30:34.911,-30.0,1142324623.0
Summit Therapeutics,,SMMT.US,Stock sell,,,,,,,,,,,,,,52793784,2026-02-17 16:06:30.491,154.5,1141014389.0
Summit Therapeutics,,SMMT.US,Stock purchase,,,,,,,,,,,,,,52793784,2026-02-17 15:59:48.091,-154.0,1140984353.0
Brand Engagement Network,,BNAI.US,Stock purchase,,,,,,,,,,,,,,52793784,2026-02-17 15:27:53.388,-19.2,1140916447.0
Brand Engagement Network,,BNAI.US,Stock sell,,,,,,,,,,,,,,52793784,2026-02-17 15:16:12.431,19.07,1140894802.0
AMD,,AMD.US,Stock purchase,,,,,,,,,,,,,,52793784,2026-02-17 14:58:14.545,-197.0,1140816897.0
Critical Metals,,CRML.US,Stock purchase,,,,,,,,,,,,,,52793784,2026-02-17 14:32:23.900,-9.0,1140708475.0
Iveda Solutions,,IVDA.US,Stock purchase,,,,,,,,,,,,,,52793784,2026-02-13 15:48:57.391,-38.33,1137782159.0
Reddit Inc,,RDDT.US,Stock purchase,,,,,,,,,,,,,,52793784,2026-02-13 15:38:08.968,-138.0,1137724591.0
Coinbase,,COIN.US,Stock purchase,,,,,,,,,,,,,,52793784,2026-02-13 15:27:35.337,-162.05,1137706705.0
Lloyds Banking,,LYG.US,Stock purchase,,,,,,,,,,,,,,52793784,2026-02-13 14:46:08.483,-55.9,1137619226.0
ICE,,ICE.US,Stock sell,,,,,,,,,,,,,,52793784,2026-02-12 20:54:38.147,149.71,1136109990.0
ICE,,ICE.US,Stock purchase,,,,,,,,,,,,,,52793784,2026-02-12 16:59:57.804,-148.12,1135828298.0
Brand Engagement Network,,BNAI.US,Stock purchase,,,,,,,,,,,,,,52793784,2026-02-12 16:53:44.549,-19.28,1135821111.0
Robinhood,,HOOD.US,Stock purchase,,,,,,,,,,,,,,52793784,2026-02-12 15:06:32.328,-74.75,1135457527.0
Novo Nordisk,,NVO.US,Stock sell,,,,,,,,,,,,,,52793784,2026-02-12 14:57:00.648,490.0,1135420820.0
,,,Deposit,,,,,,,,,,,,,,52793784,2026-02-11 23:58:24.939,550.0,1134297578.0
Affirm,,AFRM.US,Stock sell,,,,,,,,,,,,,,52793784,2026-02-11 17:48:18.266,55.44,1134089750.0
Energy Select Sector,,XLE.US,Stock purchase,,,,,,,,,,,,,,52793784,2026-02-10 14:42:00.020,-53.5,1132249375.0
Affirm,,AFRM.US,Stock purchase,,,,,,,,,,,,,,52793784,2026-02-10 14:40:22.791,-58.73,1132244844.0
UnitedHealth,,UNH.US,Stock purchase,,,,,,,,,,,,,,52793784,2026-02-09 14:31:16.572,-273.39,1130732897.0
Novo Nordisk,,NVO.US,Stock purchase,,,,,,,,,,,,,,52793784,2026-02-06 14:31:49.499,-460.0,1128612858.0
Meta,,META.US,Stock sell,,,,,,,,,,,,,,52793784,2026-02-05 19:13:07.355,680.0,1127285495.0
Vistra Energy,,VST.US,Stock sell,,,,,,,,,,,,,,52793784,2026-02-05 19:02:30.860,141.2,1127278354.0
General Mills,,GIS.US,Stock sell,,,,,,,,,,,,,,52793784,2026-02-05 15:39:57.564,484.5,1126924038.0
Energy Select Sector,,XLE.US,Stock sell,,,,,,,,,,,,,,52793784,2026-02-05 15:37:07.690,51.57,1126915372.0
DuPont,,DD.US,Stock sell,,,,,,,,,,,,,,52793784,2026-02-05 15:36:44.533,46.14,1126914166.0
Nike,,NKE.US,Stock sell,,,,,,,,,,,,,,52793784,2026-02-05 15:12:52.585,62.86,1126801572.0
Nike,,NKE.US,Stock sell,,,,,,,,,,,,,,52793784,2026-02-05 15:12:52.584,62.86,1126801570.0
General Mills,,GIS.US,Stock purchase,,,,,,,,,,,,,,52793784,2026-02-05 14:40:58.844,-483.0,1126658755.0
Nuscale Power,,SMR.US,Stock sell,,,,,,,,,,,,,,52793784,2026-02-05 14:35:38.748,15.91,1126622115.0
Nuscale Power,,SMR.US,Stock sell,,,,,,,,,,,,,,52793784,2026-02-05 14:35:38.747,15.91,1126622112.0
Oracle,,ORCL.US,Stock sell,,,,,,,,,,,,,,52793784,2026-02-05 14:33:06.650,146.0,1126610578.0
Vistra Energy,,VST.US,Stock purchase,,,,,,,,,,,,,,52793784,2026-02-04 16:02:24.828,-141.0,1124981767.0
Meta,,META.US,Stock purchase,,,,,,,,,,,,,,52793784,2026-02-04 15:21:58.044,-676.99,1124823360.0
Nuscale Power,,SMR.US,Stock purchase,,,,,,,,,,,,,,52793784,2026-02-04 14:34:19.305,-17.0,1124581885.0
Nuscale Power,,SMR.US,Stock purchase,,,,,,,,,,,,,,52793784,2026-02-03 19:53:42.565,-17.0,1123427204.0
DuPont,,DD.US,Stock purchase,,,,,,,,,,,,,,52793784,2026-02-03 19:43:40.661,-45.19,1123414050.0
Netflix,,NFLX.US,Stock sell,,,,,,,,,,,,,,52793784,2026-02-03 19:05:44.636,80.24,1123008047.0
Silver Trust,,SLV.US,Stock purchase,,,,,,,,,,,,,,52793784,2026-02-03 17:40:18.269,-77.0,1122128348.0
Silver Trust,,SLV.US,Close trade,,,,,,,,,,,,,,52793784,2026-02-03 16:46:38.713,0.58,1121602275.0
Relmada Therapeutics,,RLMD.US,Stock sell,,,,,,,,,,,,,,52793784,2026-02-03 15:06:52.336,38.3,1121188150.0
Silver Trust,,SLV.US,Close trade,,,,,,,,,,,,,,52793784,2026-02-03 14:55:46.971,0.22,1121134201.0
Energy Select Sector,,XLE.US,Stock purchase,,,,,,,,,,,,,,52793784,2026-02-03 14:44:56.362,-50.5,1121087800.0
Walt Disney,,DIS.US,Stock sell,,,,,,,,,,,,,,52793784,2026-02-03 14:40:50.251,102.94,1121075592.0
Park Hotels & Resorts,,PK.US,Stock sell,,,,,,,,,,,,,,52793784,2026-02-03 14:30:37.978,110.1,1121016386.0
Park Hotels & Resorts,,PK.US,Stock purchase,,,,,,,,,,,,,,52793784,2026-02-02 20:24:11.481,-110.0,1119889041.0
Walt Disney,,DIS.US,Stock purchase,,,,,,,,,,,,,,52793784,2026-02-02 18:43:25.487,-104.97,1119765300.0
Robinhood,,HOOD.US,Stock sell,,,,,,,,,,,,,,52793784,2026-02-02 14:43:28.154,182.56,1119316803.0
Robinhood,,HOOD.US,Stock sell,,,,,,,,,,,,,,52793784,2026-02-02 14:43:28.153,91.28,1119316801.0
,,,Transfer,,,,,,,,,,,,,,52793784,2026-02-02 12:13:15.949,-1.3,1118899037.0
,,,Deposit,,,,,,,,,,,,,,52793784,2026-02-01 23:30:31.426,100.0,1117131917.0
Trade Desk,,TTD.US,Stock sell,,,,,,,,,,,,,,52793784,2026-01-30 16:13:35.445,152.95,1115716201.0
Fiserv,,FISV.US,Stock sell,,,,,,,,,,,,,,52793784,2026-01-30 16:13:26.954,63.0,1115716075.0
Robinhood,,HOOD.US,Stock purchase,,,,,,,,,,,,,,52793784,2026-01-30 14:48:55.070,-205.5,1115455561.0
Robinhood,,HOOD.US,Stock purchase,,,,,,,,,,,,,,52793784,2026-01-29 19:32:48.108,-100.0,1113637970.0
Bitfarms Ltd,,BITF.US,Stock sell,,,,,,,,,,,,,,52793784,2026-01-29 19:31:19.541,121.0,1113636280.0
MicroStrategy,,MSTR.US,Stock sell,,,,,,,,,,,,,,52793784,2026-01-29 19:30:33.340,140.0,1113634039.0
,,,Transfer,,,,,,,,,,,,,,52793784,2026-01-29 19:14:20.565,30.0,1113621565.0
,,,Transfer,,,,,,,,,,,,,,52793784,2026-01-29 19:12:09.701,162.0,1113619653.0
,,,Transfer,,,,,,,,,,,,,,52793784,2026-01-29 19:09:22.357,400.0,1113616956.0
,,,Transfer,,,,,,,,,,,,,,52793784,2026-01-29 19:06:24.913,400.0,1113614746.0
Intel,,INTC.US,Stock sell,,,,,,,,,,,,,,52793784,2026-01-29 15:31:38.430,96.92,1113080923.0
Intel,,INTC.US,Stock purchase,,,,,,,,,,,,,,52793784,2026-01-29 14:49:36.639,-96.62,1112759624.0
MicroStrategy,,MSTR.US,Stock purchase,,,,,,,,,,,,,,52793784,2026-01-29 14:31:52.275,-155.0,1112643591.0
,,,Transfer,,,,,,,,,,,,,,52793784,2026-01-29 13:27:39.747,300.0,1112476121.0
Trade Desk,,TTD.US,Stock purchase,,,,,,,,,,,,,,52793784,2026-01-28 20:57:41.011,-159.4,1111288963.0
Relmada Therapeutics,,RLMD.US,Stock purchase,,,,,,,,,,,,,,52793784,2026-01-28 20:47:21.275,-39.7,1111273842.0
Teradata,,TDC.US,Stock sell,,,,,,,,,,,,,,52793784,2026-01-28 16:30:42.596,148.45,1110882896.0
Trade Desk,,TTD.US,Stock sell,,,,,,,,,,,,,,52793784,2026-01-28 16:26:04.032,161.25,1110875927.0
Alibaba,,BABA.US,Stock sell,,,,,,,,,,,,,,52793784,2026-01-28 15:53:35.972,175.58,1110802331.0
,,,Transfer,,,,,,,,,,,,,,52793784,2026-01-28 14:42:59.566,-318.06,1110555643.0
Webull,,BULL.US,Stock sell,,,,,,,,,,,,,,52793784,2026-01-28 14:42:02.165,76.2,1110552487.0
New Era Helium,,NEHC.US,Stock sell,,,,,,,,,,,,,,52793784,2026-01-28 14:35:18.777,14.16,1110530989.0
Kanzhun,,BZ.US,Stock sell,,,,,,,,,,,,,,52793784,2026-01-28 14:33:25.638,193.7,1110525288.0
Burning Rock Biotech,,BNR.US,Stock sell,,,,,,,,,,,,,,52793784,2026-01-28 14:32:13.978,34.0,1110521040.0
,,,Transfer,,,,,,,,,,,,,,52793784,2026-01-28 13:44:16.540,-957.77,1110415765.0
Webull,,BULL.US,Stock purchase,,,,,,,,,,,,,,52793784,2026-01-27 20:25:05.045,-76.3,1109314525.0
Trade Desk,,TTD.US,Stock purchase,,,,,,,,,,,,,,52793784,2026-01-27 19:35:20.184,-160.7,1109199573.0
Trade Desk,,TTD.US,Stock sell,,,,,,,,,,,,,,52793784,2026-01-27 19:17:19.088,159.9,1109168099.0
Trade Desk,,TTD.US,Stock purchase,,,,,,,,,,,,,,52793784,2026-01-27 19:14:53.190,-159.7,1109166666.0
Vistra Energy,,VST.US,Stock sell,,,,,,,,,,,,,,52793784,2026-01-27 18:44:30.917,163.35,1109146690.0
Vistra Energy,,VST.US,Stock sell,,,,,,,,,,,,,,52793784,2026-01-27 18:44:30.917,163.35,1109146688.0
Applied Digital,,APLD.US,Stock sell,,,,,,,,,,,,,,52793784,2026-01-27 17:01:18.869,82.0,1109051154.0
Bitfarms Ltd,,BITF.US,Stock purchase,,,,,,,,,,,,,,52793784,2026-01-27 15:16:15.244,-128.5,1108784686.0
,,,Transfer,,,,,,,,,,,,,,52793784,2026-01-26 03:09:08.090,7.77,1105258768.0
,,,Transfer,,,,,,,,,,,,,,52793784,2026-01-26 01:53:21.309,40.0,1105203624.0
,,,Transfer,,,,,,,,,,,,,,52793784,2026-01-26 00:30:22.603,-30.0,1105148434.0
Applied Digital,,APLD.US,Stock purchase,,,,,,,,,,,,,,52793784,2026-01-23 20:30:01.811,-75.0,1104463637.0
Burning Rock Biotech,,BNR.US,Stock purchase,,,,,,,,,,,,,,52793784,2026-01-23 19:57:54.815,-35.75,1104418830.0
New Era Helium,,NEHC.US,Stock purchase,,,,,,,,,,,,,,52793784,2026-01-23 19:20:13.300,-14.8,1104390727.0
Fiserv,,FISV.US,Stock sell,,,,,,,,,,,,,,52793784,2026-01-23 16:58:24.448,67.51,1104183756.0
Teradata,,TDC.US,Stock purchase,,,,,,,,,,,,,,52793784,2026-01-23 16:28:33.038,-149.85,1104145222.0
Fiserv,,FISV.US,Stock purchase,,,,,,,,,,,,,,52793784,2026-01-23 16:15:31.499,-134.96,1104083702.0
Kanzhun,,BZ.US,Stock purchase,,,,,,,,,,,,,,52793784,2026-01-23 16:02:00.455,-194.0,1104061840.0
Oracle,,ORCL.US,Stock purchase,,,,,,,,,,,,,,52793784,2026-01-23 15:07:49.928,-175.5,1103929174.0
Alibaba,,BABA.US,Stock purchase,,,,,,,,,,,,,,52793784,2026-01-23 14:58:45.836,-172.5,1103891448.0
Netflix,,NFLX.US,Stock purchase,,,,,,,,,,,,,,52793784,2026-01-23 14:43:20.780,-84.98,1103839055.0
Barrick Mining,,B.US,Stock sell,,,,,,,,,,,,,,52793784,2026-01-22 16:02:46.591,50.08,1102063951.0
Vistra Energy,,VST.US,Stock purchase,,,,,,,,,,,,,,52793784,2026-01-22 15:00:10.955,-160.0,1101855526.0
Vistra Energy,,VST.US,Stock purchase,,,,,,,,,,,,,,52793784,2026-01-22 14:45:28.042,-162.0,1101820961.0
Alphabet,,GOOGL.US,Stock sell,,,,,,,,,,,,,,52793784,2026-01-22 14:32:08.563,332.52,1101739055.0
Alphabet,,GOOGL.US,Stock purchase,,,,,,,,,,,,,,52793784,2026-01-21 20:01:22.998,-330.0,1100461748.0
Nike,,NKE.US,Stock purchase,,,,,,,,,,,,,,52793784,2026-01-21 19:51:03.637,-65.0,1100443370.0
Intel,,INTC.US,Stock sell,,,,,,,,,,,,,,52793784,2026-01-21 19:28:10.496,53.61,1100369686.0
Intel,,INTC.US,Stock purchase,,,,,,,,,,,,,,52793784,2026-01-21 19:20:45.384,-53.0,1100339881.0
PayPal,,PYPL.US,Stock sell,,,,,,,,,,,,,,52793784,2026-01-21 19:18:27.810,221.88,1100338728.0
PayPal,,PYPL.US,Stock sell,,,,,,,,,,,,,,52793784,2026-01-21 19:18:27.809,55.47,1100338726.0
Trade Desk,,TTD.US,Stock sell,,,,,,,,,,,,,,52793784,2026-01-21 19:18:16.531,174.65,1100338639.0
Oddity Tech Ltd,,ODD.US,Stock sell,,,,,,,,,,,,,,52793784,2026-01-21 19:17:40.174,340.8,1100338377.0
Roblox,,RBLX.US,Stock sell,,,,,,,,,,,,,,52793784,2026-01-21 19:11:40.121,75.65,1100335160.0
Hims & Hers Health,,HIMS.US,Stock sell,,,,,,,,,,,,,,52793784,2026-01-21 19:07:30.324,84.96,1100332536.0
Hims & Hers Health,,HIMS.US,Stock sell,,,,,,,,,,,,,,52793784,2026-01-21 19:07:30.323,28.32,1100332534.0
Hims & Hers Health,,HIMS.US,Stock sell,,,,,,,,,,,,,,52793784,2026-01-21 19:07:30.322,28.32,1100332532.0
GoDaddy,,GDDY.US,Stock sell,,,,,,,,,,,,,,52793784,2026-01-21 19:06:05.010,105.0,1100331388.0
Dynatrace,,DT.US,Stock sell,,,,,,,,,,,,,,52793784,2026-01-21 19:04:32.646,39.18,1100329738.0
Duolingo,,DUOL.US,Stock sell,,,,,,,,,,,,,,52793784,2026-01-21 19:02:53.902,147.7,1100308512.0
Robinhood,,HOOD.US,Stock sell,,,,,,,,,,,,,,52793784,2026-01-21 16:02:06.675,432.72,1099995042.0
Robinhood,,HOOD.US,Stock sell,,,,,,,,,,,,,,52793784,2026-01-21 16:02:06.674,108.18,1099995040.0
Barrick Mining,,B.US,Stock purchase,,,,,,,,,,,,,,52793784,2026-01-21 15:12:51.988,-50.0,1099804794.0
Trade Desk,,TTD.US,Stock purchase,,,,,,,,,,,,,,52793784,2026-01-21 14:40:54.519,-175.0,1099659975.0
,,,Transfer,,,,,,,,,,,,,,52793784,2026-01-20 18:29:46.967,10.44,1098033864.0
Roblox,,RBLX.US,Stock purchase,,,,,,,,,,,,,,52793784,2026-01-20 17:33:41.645,-80.0,1097939649.0
GoDaddy,,GDDY.US,Stock purchase,,,,,,,,,,,,,,52793784,2026-01-20 16:31:05.458,-104.8,1097860687.0
Dynatrace,,DT.US,Stock purchase,,,,,,,,,,,,,,52793784,2026-01-20 15:55:05.588,-39.5,1097775929.0
Redwire,,RDW.US,Stock sell,,,,,,,,,,,,,,52793784,2026-01-20 15:05:43.583,110.0,1097616045.0
Nike,,NKE.US,Stock purchase,,,,,,,,,,,,,,52793784,2026-01-20 14:41:17.676,-64.0,1097536673.0
Super Micro Computer,,SMCI.US,Stock sell,,,,,,,,,,,,,,52793784,2026-01-20 14:33:31.204,156.35,1097466393.0
Redwire,,RDW.US,Stock purchase,,,,,,,,,,,,,,52793784,2026-01-16 20:49:12.589,-117.6,1094227552.0
Robinhood,,HOOD.US,Stock purchase,,,,,,,,,,,,,,52793784,2026-01-16 15:33:18.611,-432.0,1093772414.0
Robinhood,,HOOD.US,Stock purchase,,,,,,,,,,,,,,52793784,2026-01-16 15:03:35.901,-108.0,1093626778.0
Oddity Tech Ltd,,ODD.US,Stock purchase,,,,,,,,,,,,,,52793784,2026-01-16 14:56:55.741,-350.0,1093613254.0
Super Micro Computer,,SMCI.US,Stock purchase,,,,,,,,,,,,,,52793784,2026-01-16 14:48:50.856,-155.15,1093594529.0
Oddity Tech Ltd,,ODD.US,Stock sell,,,,,,,,,,,,,,52793784,2026-01-16 14:40:20.044,348.0,1093534704.0
Duolingo,,DUOL.US,Stock purchase,,,,,,,,,,,,,,52793784,2026-01-16 14:40:10.512,-150.0,1093534360.0
,,,Transfer,,,,,,,,,,,,,,52793784,2026-01-16 14:00:17.659,2.59,1093436655.0
,,,Transfer,,,,,,,,,,,,,,52793784,2026-01-16 13:59:38.837,350.0,1093435590.0
PayPal,,PYPL.US,Stock purchase,,,,,,,,,,,,,,52793784,2026-01-15 16:27:35.217,-228.08,1092153383.0
PayPal,,PYPL.US,Stock purchase,,,,,,,,,,,,,,52793784,2026-01-15 16:11:51.166,-56.86,1092131421.0
Oddity Tech Ltd,,ODD.US,Stock purchase,,,,,,,,,,,,,,52793784,2026-01-15 15:08:07.706,-339.4,1091953738.0
Netflix,,NFLX.US,Stock sell,,,,,,,,,,,,,,52793784,2026-01-15 14:48:43.447,89.27,1091871174.0
,,,Transfer,,,,,,,,,,,,,,52793784,2026-01-15 13:40:35.896,200.0,1091645156.0
Intel,,INTC.US,Stock sell,,,,,,,,,,,,,,52793784,2026-01-14 16:54:07.768,47.71,1089508431.0
Roblox,,RBLX.US,Stock sell,,,,,,,,,,,,,,52793784,2026-01-14 16:53:39.860,83.65,1089507961.0
MicroStrategy,,MSTR.US,Stock sell,,,,,,,,,,,,,,52793784,2026-01-14 16:53:32.691,184.51,1089507866.0
Roblox,,RBLX.US,Stock purchase,,,,,,,,,,,,,,52793784,2026-01-14 16:30:09.635,-84.0,1089463287.0
MicroStrategy,,MSTR.US,Stock purchase,,,,,,,,,,,,,,52793784,2026-01-14 15:37:49.508,-184.0,1089348262.0
Barrick Mining,,B.US,Stock sell,,,,,,,,,,,,,,52793784,2026-01-14 14:56:18.878,49.8,1089186290.0
Nike,,NKE.US,Stock sell,,,,,,,,,,,,,,52793784,2026-01-14 14:55:52.801,66.93,1089185309.0
Park Hotels & Resorts,,PK.US,Stock sell,,,,,,,,,,,,,,52793784,2026-01-14 14:55:41.170,113.3,1089184814.0
Ultrapro Dow30,,UDOW.US,Close trade,,,,,,,,,,,,,,52793784,2026-01-14 14:46:13.150,2.5,1089157172.0
Asset Entities,,ASST.US,Stock sell,,,,,,,,,,,,,,52793784,2026-01-14 14:40:12.411,9.8,1089137668.0
Netflix,,NFLX.US,Stock purchase,,,,,,,,,,,,,,52793784,2026-01-14 14:37:48.047,-90.27,1089129530.0
,,,Transfer,,,,,,,,,,,,,,52793784,2026-01-13 16:57:57.119,-100.0,1087584242.0
Humacyte Inc,,HUMA.US,Stock sell,,,,,,,,,,,,,,52793784,2026-01-12 16:08:12.375,11.2,1085761976.0
Humacyte Inc,,HUMA.US,Stock purchase,,,,,,,,,,,,,,52793784,2026-01-12 15:11:47.037,-11.2,1085636731.0
Hims & Hers Health,,HIMS.US,Stock purchase,,,,,,,,,,,,,,52793784,2026-01-09 15:20:21.919,-97.2,1083103369.0
Vistra Energy,,VST.US,Stock sell,,,,,,,,,,,,,,52793784,2026-01-09 14:34:17.569,172.28,1082902957.0
Barrick Mining,,B.US,Stock purchase,,,,,,,,,,,,,,52793784,2026-01-08 15:03:19.141,-46.0,1081351458.0
Intel,,INTC.US,Stock purchase,,,,,,,,,,,,,,52793784,2026-01-08 14:38:57.924,-42.0,1081278782.0
Hims & Hers Health,,HIMS.US,Stock purchase,,,,,,,,,,,,,,52793784,2026-01-08 14:31:22.001,-34.79,1081235127.0
,,,Transfer,,,,,,,,,,,,,,52793784,2026-01-07 19:17:35.639,-17.0,1079644375.0
Park Hotels & Resorts,,PK.US,Stock purchase,,,,,,,,,,,,,,52793784,2026-01-07 18:48:54.599,-105.0,1079626699.0
,,,Transfer,,,,,,,,,,,,,,52793784,2026-01-07 17:56:06.035,-100.0,1079571310.0
Novo Nordisk,,NVO.US,Stock sell,,,,,,,,,,,,,,52793784,2026-01-07 17:27:30.902,42.8,1079531098.0
Novo Nordisk,,NVO.US,Stock sell,,,,,,,,,,,,,,52793784,2026-01-07 17:27:30.901,14.29,1079531096.0
Novo Nordisk,,NVO.US,Stock sell,,,,,,,,,,,,,,52793784,2026-01-07 17:27:29.169,42.81,1079531070.0
Novo Nordisk,,NVO.US,Stock purchase,,,,,,,,,,,,,,52793784,2026-01-07 17:11:10.943,-42.85,1079499844.0
Novo Nordisk,,NVO.US,Stock purchase,,,,,,,,,,,,,,52793784,2026-01-07 17:10:35.313,-57.15,1079499410.0
Nike,,NKE.US,Stock purchase,,,,,,,,,,,,,,52793784,2026-01-07 15:50:09.030,-63.43,1079376867.0
Hims & Hers Health,,HIMS.US,Stock purchase,,,,,,,,,,,,,,52793784,2026-01-07 15:40:28.066,-35.27,1079340919.0
Nike,,NKE.US,Stock sell,,,,,,,,,,,,,,52793784,2026-01-07 15:19:49.095,63.27,1079299627.0
Nike,,NKE.US,Stock sell,,,,,,,,,,,,,,52793784,2026-01-07 15:19:49.093,63.27,1079299625.0
Hims & Hers Health,,HIMS.US,Stock sell,,,,,,,,,,,,,,52793784,2026-01-07 15:18:55.122,175.15,1079297883.0
Barrick Mining,,B.US,Stock sell,,,,,,,,,,,,,,52793784,2026-01-07 14:43:50.204,91.82,1079163744.0
MicroStrategy,,MSTR.US,Stock sell,,,,,,,,,,,,,,52793784,2026-01-07 14:33:31.707,162.3,1079135675.0
Energy Select Sector,,XLE.US,Stock sell,,,,,,,,,,,,,,52793784,2026-01-07 14:32:07.088,45.65,1079130457.0
Alibaba,,BABA.US,Stock sell,,,,,,,,,,,,,,52793784,2026-01-06 18:43:13.702,151.44,1076499056.0
Energy Select Sector,,XLE.US,Stock purchase,,,,,,,,,,,,,,52793784,2026-01-06 17:31:54.246,-46.0,1076403763.0
Asset Entities,,ASST.US,Stock purchase,,,,,,,,,,,,,,52793784,2026-01-06 16:27:12.517,-10.0,1076334323.0
Robinhood,,HOOD.US,Stock sell,,,,,,,,,,,,,,52793784,2026-01-06 15:56:39.932,120.88,1076257149.0
Robinhood,,HOOD.US,Stock sell,,,,,,,,,,,,,,52793784,2026-01-06 15:56:39.932,120.88,1076257147.0
Robinhood,,HOOD.US,Stock sell,,,,,,,,,,,,,,52793784,2026-01-06 15:56:39.931,120.88,1076257145.0
MicroStrategy,,MSTR.US,Stock purchase,,,,,,,,,,,,,,52793784,2026-01-06 15:37:05.785,-161.67,1076209528.0
Vistra Energy,,VST.US,Stock purchase,,,,,,,,,,,,,,52793784,2026-01-06 15:36:59.459,-168.5,1076209109.0
Vistra Energy,,VST.US,Stock sell,,,,,,,,,,,,,,52793784,2026-01-06 14:52:28.105,167.5,1076090178.0
Vistra Energy,,VST.US,Stock sell,,,,,,,,,,,,,,52793784,2026-01-06 14:52:28.104,167.5,1076090176.0
Vistra Energy,,VST.US,Stock purchase,,,,,,,,,,,,,,52793784,2026-01-02 15:50:08.910,-166.0,1072367453.0
,,,Transfer,,,,,,,,,,,,,,52793784,2026-01-02 15:14:47.106,-23.0,1072226439.0
Hims & Hers Health,,HIMS.US,Stock purchase,,,,,,,,,,,,,,52793784,2026-01-02 15:11:34.892,-162.5,1072218895.0
Robinhood,,HOOD.US,Stock purchase,,,,,,,,,,,,,,52793784,2026-01-02 15:11:22.189,-112.0,1072218136.0
Udemy,,UDMY.US,Stock sell,,,,,,,,,,,,,,52793784,2026-01-02 14:35:36.839,29.0,1072073015.0
Udemy,,UDMY.US,Stock purchase,,,,,,,,,,,,,,52793784,2025-12-31 14:30:56.354,-28.7,1070285687.0
Ultrapro Dow30,,UDOW.US,Adjustment fee,,,,,,,,,,,,,,52793784,2025-12-31 11:50:38.535,-0.06,1070143051.0
Ultrapro Dow30,,UDOW.US,Dividend equivalent,,,,,,,,,,,,,,52793784,2025-12-31 11:50:38.534,0.2,1070143050.0
Vistra Energy,,VST.US,Withholding tax,,,,,,,,,,,,,,52793784,2025-12-31 10:54:00.495,-0.07,1069740845.0
Barrick Mining,,B.US,Stock purchase,,,,,,,,,,,,,,52793784,2025-12-30 17:43:34.418,-89.0,1069006695.0
Robinhood,,HOOD.US,Stock purchase,,,,,,,,,,,,,,52793784,2025-12-30 16:31:45.417,-117.5,1068917259.0
Robinhood,,HOOD.US,Stock purchase,,,,,,,,,,,,,,52793784,2025-12-30 14:32:18.134,-117.4,1068671344.0
IONQ,,IONQ.US,Stock sell,,,,,,,,,,,,,,52793784,2025-12-26 16:44:01.006,46.91,1065097760.0
Nike,,NKE.US,Stock purchase,,,,,,,,,,,,,,52793784,2025-12-24 17:52:01.097,-60.0,1063684306.0
Nike,,NKE.US,Stock purchase,,,,,,,,,,,,,,52793784,2025-12-24 15:42:35.806,-60.0,1063603475.0
IONQ,,IONQ.US,Stock purchase,,,,,,,,,,,,,,52793784,2025-12-24 14:32:06.995,-51.0,1063515912.0
,,,Transfer,,,,,,,,,,,,,,52793784,2025-12-23 19:12:20.889,267.0,1062751599.0
IONQ,,IONQ.US,Stock sell,,,,,,,,,,,,,,52793784,2025-12-23 15:05:49.553,52.25,1062414374.0
Robinhood,,HOOD.US,Stock sell,,,,,,,,,,,,,,52793784,2025-12-23 14:40:43.475,119.09,1062313550.0
Oracle,,ORCL.US,Stock sell,,,,,,,,,,,,,,52793784,2025-12-23 14:40:36.212,194.34,1062313366.0
Alibaba,,BABA.US,Stock purchase,,,,,,,,,,,,,,52793784,2025-12-19 20:52:26.205,-150.0,1059181297.0
IONQ,,IONQ.US,Stock purchase,,,,,,,,,,,,,,52793784,2025-12-19 16:27:46.821,-48.5,1058956719.0
,,,Transfer,,,,,,,,,,,,,,52793784,2025-12-19 15:54:36.518,10.0,1058916696.0
Rocket Lab,,RKLB.US,Stock sell,,,,,,,,,,,,,,52793784,2025-12-19 14:44:34.696,632.0,1058718650.0
Rocket Lab,,RKLB.US,Stock purchase,,,,,,,,,,,,,,52793784,2025-12-19 14:35:33.373,-629.9,1058697936.0
Robinhood,,HOOD.US,Stock purchase,,,,,,,,,,,,,,52793784,2025-12-18 19:55:12.293,-117.5,1057930522.0
,,,Transfer,,,,,,,,,,,,,,52793784,2025-12-18 19:07:30.391,-11.0,1057883046.0
Robinhood,,HOOD.US,Stock sell,,,,,,,,,,,,,,52793784,2025-12-18 19:06:33.775,118.47,1057882466.0
,,,Transfer,,,,,,,,,,,,,,52793784,2025-12-18 17:56:58.429,10.0,1057801093.0
Robinhood,,HOOD.US,Stock purchase,,,,,,,,,,,,,,52793784,2025-12-18 17:09:03.610,-118.5,1057724036.0
Vistra Energy,,VST.US,Stock purchase,,,,,,,,,,,,,,52793784,2025-12-18 16:24:48.695,-167.57,1057659476.0
Vistra Energy,,VST.US,Stock sell,,,,,,,,,,,,,,52793784,2025-12-18 15:30:44.373,169.99,1057489845.0
Vistra Energy,,VST.US,Stock sell,,,,,,,,,,,,,,52793784,2025-12-18 15:30:44.372,169.99,1057489843.0
Vistra Energy,,VST.US,Stock sell,,,,,,,,,,,,,,52793784,2025-12-18 15:30:44.372,169.99,1057489841.0
Robinhood,,HOOD.US,Stock sell,,,,,,,,,,,,,,52793784,2025-12-18 15:20:49.923,120.74,1057451824.0
Vistra Energy,,VST.US,Stock purchase,,,,,,,,,,,,,,52793784,2025-12-17 19:37:27.328,-160.0,1056255642.0
Vistra Energy,,VST.US,Stock purchase,,,,,,,,,,,,,,52793784,2025-12-17 18:50:55.341,-160.0,1056207152.0
Robinhood,,HOOD.US,Stock purchase,,,,,,,,,,,,,,52793784,2025-12-17 16:51:28.500,-119.55,1056081625.0
Rocket Lab,,RKLB.US,Stock sell,,,,,,,,,,,,,,52793784,2025-12-17 15:45:22.072,55.05,1055955297.0
Robinhood,,HOOD.US,Stock sell,,,,,,,,,,,,,,52793784,2025-12-17 15:44:00.813,121.63,1055951449.0
Alibaba,,BABA.US,Stock sell,,,,,,,,,,,,,,52793784,2025-12-17 14:48:12.428,149.78,1055794687.0
Robinhood,,HOOD.US,Stock purchase,,,,,,,,,,,,,,52793784,2025-12-17 14:42:15.146,-121.0,1055782401.0
Vistra Energy,,VST.US,Stock purchase,,,,,,,,,,,,,,52793784,2025-12-17 14:37:55.454,-170.0,1055774570.0
Oracle,,ORCL.US,Stock purchase,,,,,,,,,,,,,,52793784,2025-12-17 14:36:50.039,-183.0,1055772444.0
Rocket Lab,,RKLB.US,Stock purchase,,,,,,,,,,,,,,52793784,2025-12-16 19:57:06.077,-54.5,1054834226.0
Alibaba,,BABA.US,Stock purchase,,,,,,,,,,,,,,52793784,2025-12-16 19:52:14.672,-149.43,1054831633.0
Rocket Lab,,RKLB.US,Stock sell,,,,,,,,,,,,,,52793784,2025-12-16 15:20:24.265,53.28,1054480424.0
Oracle,,ORCL.US,Stock sell,,,,,,,,,,,,,,52793784,2025-12-16 15:18:34.204,186.53,1054476893.0
Robinhood,,HOOD.US,Stock sell,,,,,,,,,,,,,,52793784,2025-12-16 15:15:59.125,119.12,1054469882.0
Robinhood,,HOOD.US,Stock sell,,,,,,,,,,,,,,52793784,2025-12-16 15:15:59.125,119.12,1054469880.0
Vistra Energy,,VST.US,Stock sell,,,,,,,,,,,,,,52793784,2025-12-16 15:15:55.937,170.32,1054469711.0
Rocket Lab,,RKLB.US,Stock purchase,,,,,,,,,,,,,,52793784,2025-12-16 14:56:34.421,-56.0,1054415833.0
,,,Transfer,,,,,,,,,,,,,,52793784,2025-12-16 13:54:04.638,-24.0,1054257935.0
Robinhood,,HOOD.US,Stock purchase,,,,,,,,,,,,,,52793784,2025-12-15 19:08:51.880,-117.0,1053228873.0
,,,Transfer,,,,,,,,,,,,,,52793784,2025-12-15 15:14:17.597,-20.0,1052840714.0
Oracle,,ORCL.US,Stock purchase,,,,,,,,,,,,,,52793784,2025-12-15 14:31:43.247,-187.5,1052670796.0
Robinhood,,HOOD.US,Stock purchase,,,,,,,,,,,,,,52793784,2025-12-12 20:31:35.538,-119.0,1050167559.0
,,,Transfer,,,,,,,,,,,,,,52793784,2025-12-12 16:39:20.080,-20.0,1049923122.0
Robinhood,,HOOD.US,Stock sell,,,,,,,,,,,,,,52793784,2025-12-12 16:35:09.945,118.67,1049914705.0
Robinhood,,HOOD.US,Stock sell,,,,,,,,,,,,,,52793784,2025-12-12 16:35:09.944,118.67,1049914703.0
Robinhood,,HOOD.US,Stock sell,,,,,,,,,,,,,,52793784,2025-12-12 16:35:09.943,237.34,1049914701.0
Vistra Energy,,VST.US,Stock purchase,,,,,,,,,,,,,,52793784,2025-12-12 16:02:29.847,-170.77,1049809584.0
Robinhood,,HOOD.US,Stock purchase,,,,,,,,,,,,,,52793784,2025-12-12 15:16:12.601,-121.33,1049577063.0
Vistra Energy,,VST.US,Stock sell,,,,,,,,,,,,,,52793784,2025-12-12 15:09:06.298,173.77,1049561022.0
Vistra Energy,,VST.US,Stock sell,,,,,,,,,,,,,,52793784,2025-12-12 15:09:06.297,695.08,1049561020.0
Alibaba,,BABA.US,Stock sell,,,,,,,,,,,,,,52793784,2025-12-12 15:09:02.107,473.34,1049560889.0
Robinhood,,HOOD.US,Stock purchase,,,,,,,,,,,,,,52793784,2025-12-11 20:50:01.560,-123.18,1048488792.0
Vistra Energy,,VST.US,Stock sell,,,,,,,,,,,,,,52793784,2025-12-11 20:49:18.477,174.28,1048468483.0
,,,Transfer,,,,,,,,,,,,,,52793784,2025-12-11 15:52:23.731,-20.0,1048102176.0
Robinhood,,HOOD.US,Stock purchase,,,,,,,,,,,,,,52793784,2025-12-11 15:36:13.705,-252.0,1048046576.0
,,,Transfer,,,,,,,,,,,,,,52793784,2025-12-11 15:09:13.385,20.0,1047978408.0
,,,Transfer,,,,,,,,,,,,,,52793784,2025-12-11 14:52:04.473,33.0,1047922894.0
Oracle,,ORCL.US,Stock sell,,,,,,,,,,,,,,52793784,2025-12-11 14:32:04.135,187.84,1047849450.0
,,,Transfer,,,,,,,,,,,,,,52793784,2025-12-10 20:12:57.430,35.0,1046489810.0
Oracle,,ORCL.US,Stock purchase,,,,,,,,,,,,,,52793784,2025-12-10 20:08:24.677,-220.45,1046481088.0
Vistra Energy,,VST.US,Stock purchase,,,,,,,,,,,,,,52793784,2025-12-10 15:16:59.744,-160.0,1046024490.0
Netflix,,NFLX.US,Stock sell,,,,,,,,,,,,,,52793784,2025-12-09 16:14:49.079,192.14,1044658704.0
Vistra Energy,,VST.US,Stock purchase,,,,,,,,,,,,,,52793784,2025-12-09 14:53:31.444,-832.5,1044446839.0
Alibaba,,BABA.US,Stock purchase,,,,,,,,,,,,,,52793784,2025-12-09 14:38:32.098,-465.0,1044404379.0
Netflix,,NFLX.US,Stock purchase,,,,,,,,,,,,,,52793784,2025-12-05 20:46:35.497,-200.44,1041832136.0
Vistra Energy,,VST.US,Stock sell,,,,,,,,,,,,,,52793784,2025-12-01 14:34:06.265,880.3,1034279164.0
Rocket Lab,,RKLB.US,Stock sell,,,,,,,,,,,,,,52793784,2025-12-01 14:32:52.265,164.4,1034274079.0
Robinhood,,HOOD.US,Stock sell,,,,,,,,,,,,,,52793784,2025-11-28 14:40:56.934,639.15,1032247934.0
,,,Transfer,,,,,,,,,,,,,,52793784,2025-11-21 20:39:17.866,-20.0,1025935464.0
Rocket Lab,,RKLB.US,Stock purchase,,,,,,,,,,,,,,52793784,2025-11-21 20:38:14.782,-162.08,1025934882.0
Vistra Energy,,VST.US,Stock purchase,,,,,,,,,,,,,,52793784,2025-11-21 20:36:48.875,-848.5,1025933543.0
Robinhood,,HOOD.US,Stock purchase,,,,,,,,,,,,,,52793784,2025-11-21 20:36:32.583,-539.2,1025933381.0
Vistra Energy,,VST.US,Stock sell,,,,,,,,,,,,,,52793784,2025-11-20 17:13:38.234,883.6,1023854710.0
Robinhood,,HOOD.US,Stock sell,,,,,,,,,,,,,,52793784,2025-11-20 17:13:35.148,542.45,1023854600.0
,,,Transfer,,,,,,,,,,,,,,52793784,2025-11-20 17:05:58.873,-30.0,1023840083.0
Vistra Energy,,VST.US,Stock purchase,,,,,,,,,,,,,,52793784,2025-11-20 16:54:10.453,-900.0,1023793132.0
,,,Transfer,,,,,,,,,,,,,,52793784,2025-11-20 16:52:18.722,20.0,1023790813.0
,,,Transfer,,,,,,,,,,,,,,52793784,2025-11-20 16:33:23.773,-30.0,1023763313.0
Robinhood,,HOOD.US,Stock purchase,,,,,,,,,,,,,,52793784,2025-11-20 16:31:33.290,-570.0,1023760442.0
,,,Transfer,,,,,,,,,,,,,,52793784,2025-11-20 16:08:37.475,10.0,1023704072.0
Vistra Energy,,VST.US,Stock sell,,,,,,,,,,,,,,52793784,2025-11-20 15:59:54.442,929.15,1023689907.0
Rocket Lab,,RKLB.US,Stock sell,,,,,,,,,,,,,,52793784,2025-11-20 15:08:54.402,133.65,1023558051.0
,,,Transfer,,,,,,,,,,,,,,52793784,2025-11-20 14:53:28.039,3.0,1023530521.0
Robinhood,,HOOD.US,Stock sell,,,,,,,,,,,,,,52793784,2025-11-20 14:50:27.492,478.08,1023525373.0
,,,Transfer,,,,,,,,,,,,,,52793784,2025-11-19 20:32:52.669,-23.0,1022527275.0
Rocket Lab,,RKLB.US,Stock purchase,,,,,,,,,,,,,,52793784,2025-11-19 15:48:07.903,-130.5,1022137700.0
,,,Transfer,,,,,,,,,,,,,,52793784,2025-11-19 15:24:38.518,100.0,1022057704.0
,,,Transfer,,,,,,,,,,,,,,52793784,2025-11-19 15:13:19.684,20.0,1022038470.0
,,,Transfer,,,,,,,,,,,,,,52793784,2025-11-19 15:10:01.178,20.0,1022033415.0
Vistra Energy,,VST.US,Stock purchase,,,,,,,,,,,,,,52793784,2025-11-19 14:55:15.207,-898.0,1021984858.0
Robinhood,,HOOD.US,Stock purchase,,,,,,,,,,,,,,52793784,2025-11-19 14:50:36.779,-464.0,1021976570.0
,,,Transfer,,,,,,,,,,,,,,52793784,2025-11-18 13:56:24.621,30.0,1020410856.0
Vistra Energy,,VST.US,Stock sell,,,,,,,,,,,,,,52793784,2025-11-17 15:18:41.851,886.4,1019005341.0
Opendoor,,OPEN.US,Stock sell,,,,,,,,,,,,,,52793784,2025-11-17 14:43:17.836,79.1,1018930112.0
Robinhood,,HOOD.US,Stock sell,,,,,,,,,,,,,,52793784,2025-11-17 14:38:47.061,473.6,1018921271.0
,,,Transfer,,,,,,,,,,,,,,52793784,2025-11-14 18:03:39.248,-30.0,1017378305.0
,,,Transfer,,,,,,,,,,,,,,52793784,2025-11-14 16:05:32.976,70.0,1017207634.0
Opendoor,,OPEN.US,Stock purchase,,,,,,,,,,,,,,52793784,2025-11-14 16:04:35.065,-84.0,1017206150.0
Robinhood,,HOOD.US,Stock purchase,,,,,,,,,,,,,,52793784,2025-11-14 14:42:27.295,-472.0,1016981723.0
Vistra Energy,,VST.US,Stock purchase,,,,,,,,,,,,,,52793784,2025-11-14 14:37:06.416,-854.4,1016945786.0
,,,Transfer,,,,,,,,,,,,,,52793784,2025-11-13 23:57:32.795,7.0,1015338812.0
,,,Transfer,,,,,,,,,,,,,,52793784,2025-11-13 23:56:58.923,20.0,1015338711.0
,,,Transfer,,,,,,,,,,,,,,52793784,2025-11-13 16:46:57.248,30.0,1014912269.0
,,,Transfer,,,,,,,,,,,,,,52793784,2025-11-10 18:22:18.628,20.0,1010369080.0
,,,Transfer,,,,,,,,,,,,,,52793784,2025-11-10 14:36:19.815,-20.0,1009973405.0
Robinhood,,HOOD.US,Stock sell,,,,,,,,,,,,,,52793784,2025-11-07 16:46:00.615,244.42,1008262222.0
Robinhood,,HOOD.US,Stock purchase,,,,,,,,,,,,,,52793784,2025-11-07 15:45:31.214,-244.0,1008109622.0
Meta,,META.US,Stock sell,,,,,,,,,,,,,,52793784,2025-11-06 14:39:23.025,627.86,1006276264.0
Duolingo,,DUOL.US,Stock sell,,,,,,,,,,,,,,52793784,2025-11-06 14:38:29.719,187.76,1006274712.0
Oracle,,ORCL.US,Stock sell,,,,,,,,,,,,,,52793784,2025-11-06 14:37:02.763,245.33,1006271856.0
Critical Metals,,CRML.US,Stock sell,,,,,,,,,,,,,,52793784,2025-11-06 14:32:51.304,52.25,1006261269.0
Meta,,META.US,Stock purchase,,,,,,,,,,,,,,52793784,2025-11-04 14:58:38.294,-640.13,1001844710.0
Berkshire,,BRKB.US,Stock sell,,,,,,,,,,,,,,52793784,2025-10-31 14:38:42.567,477.1,998115797.0
Duolingo,,DUOL.US,Stock purchase,,,,,,,,,,,,,,52793784,2025-10-31 13:57:29.688,-263.0,998015198.0
Critical Metals,,CRML.US,Stock purchase,,,,,,,,,,,,,,52793784,2025-10-31 13:32:22.232,-63.45,997920888.0
,,,Transfer,,,,,,,,,,,,,,52793784,2025-10-31 12:36:59.658,70.0,997828967.0
Oracle,,ORCL.US,Stock purchase,,,,,,,,,,,,,,52793784,2025-10-30 16:51:32.448,-261.0,996618715.0
Aehr Test,,AEHR.US,Stock sell,,,,,,,,,,,,,,52793784,2025-10-30 14:51:16.137,50.5,996412751.0
Aehr Test,,AEHR.US,Stock purchase,,,,,,,,,,,,,,52793784,2025-10-30 14:47:05.505,-51.0,996406017.0
Microsoft,,MSFT.US,Stock sell,,,,,,,,,,,,,,52793784,2025-10-30 14:30:42.165,529.39,996379402.0
Microsoft,,MSFT.US,Stock purchase,,,,,,,,,,,,,,52793784,2025-10-30 14:24:56.416,-528.0,996370406.0
Berkshire,,BRKB.US,Stock purchase,,,,,,,,,,,,,,52793784,2025-10-30 14:07:48.875,-477.0,996295503.0
Chipotle,,CMG.US,Stock sell,,,,,,,,,,,,,,52793784,2025-10-30 13:31:22.573,31.71,996161705.0
,,,Transfer,,,,,,,,,,,,,,52793784,2025-10-30 02:46:09.101,20.0,995253501.0
,,,Transfer,,,,,,,,,,,,,,52793784,2025-10-29 19:57:34.442,20.0,995064329.0
Texas Instruments,,TXN.US,Stock sell,,,,,,,,,,,,,,52793784,2025-10-29 14:39:24.484,163.36,994484939.0
Globant,,GLOB.US,Stock sell,,,,,,,,,,,,,,52793784,2025-10-29 14:03:24.901,59.82,994393059.0
,,,Transfer,,,,,,,,,,,,,,52793784,2025-10-29 13:43:50.643,-20.0,994350140.0
Duolingo,,DUOL.US,Stock sell,,,,,,,,,,,,,,52793784,2025-10-28 17:22:42.975,298.1,993124527.0
Robinhood,,HOOD.US,Stock sell,,,,,,,,,,,,,,52793784,2025-10-28 13:32:10.760,146.39,992650175.0
Globant,,GLOB.US,Stock purchase,,,,,,,,,,,,,,52793784,2025-10-27 18:44:55.096,-63.39,991523572.0
Vistra Energy,,VST.US,Stock sell,,,,,,,,,,,,,,52793784,2025-10-24 13:58:23.498,395.98,989007053.0
Opendoor,,OPEN.US,Stock sell,,,,,,,,,,,,,,52793784,2025-10-24 13:53:39.559,80.3,988999356.0
Chipotle,,CMG.US,Stock purchase,,,,,,,,,,,,,,52793784,2025-10-23 18:17:27.678,-42.0,987909657.0
Texas Instruments,,TXN.US,Stock purchase,,,,,,,,,,,,,,52793784,2025-10-23 15:00:30.841,-171.69,987671685.0
US100,,US100,Close trade,,,,,,,,,,,,,,52793784,2025-10-23 14:10:14.709,-10.5,987542916.0
Opendoor,,OPEN.US,Stock purchase,,,,,,,,,,,,,,52793784,2025-10-23 13:41:32.879,-71.4,987448396.0
Robinhood,,HOOD.US,Stock purchase,,,,,,,,,,,,,,52793784,2025-10-22 17:12:51.303,-122.5,986263626.0
,,,Transfer,,,,,,,,,,,,,,52793784,2025-10-21 19:32:17.695,470.0,984471727.0
Duolingo,,DUOL.US,Stock purchase,,,,,,,,,,,,,,52793784,2025-10-21 17:39:06.302,-318.98,984369422.0
Vistra Energy,,VST.US,Stock purchase,,,,,,,,,,,,,,52793784,2025-10-21 17:32:54.665,-374.8,984344261.0
,,,Transfer,,,,,,,,,,,,,,52793784,2025-10-19 05:17:38.278,50.0,980690786.0
Onsemi,,ON.US,Stock sell,,,,,,,,,,,,,,52793784,2025-10-17 13:44:45.060,52.52,979658787.0
Robinhood,,HOOD.US,Stock sell,,,,,,,,,,,,,,52793784,2025-10-16 17:45:02.793,132.7,977988070.0
Hims & Hers Health,,HIMS.US,Stock sell,,,,,,,,,,,,,,52793784,2025-10-16 13:37:48.698,123.62,977373908.0
Bank of America,,BAC.US,Stock sell,,,,,,,,,,,,,,52793784,2025-10-16 13:33:35.375,52.33,977363608.0
,,,Transfer,,,,,,,,,,,,,,52793784,2025-10-16 12:41:15.909,200.0,977252040.0
Hims & Hers Health,,HIMS.US,Stock purchase,,,,,,,,,,,,,,52793784,2025-10-15 15:14:04.266,-112.92,975773410.0
Chewy,,CHWY.US,Stock sell,,,,,,,,,,,,,,52793784,2025-10-15 14:58:20.973,75.94,975753645.0
Hewlett-Packard,,HPQ.US,Stock sell,,,,,,,,,,,,,,52793784,2025-10-15 14:47:55.381,57.48,975720089.0
Amazon,,AMZN.US,Stock sell,,,,,,,,,,,,,,52793784,2025-10-15 13:32:48.170,216.29,975472410.0
Onsemi,,ON.US,Stock purchase,,,,,,,,,,,,,,52793784,2025-10-14 16:50:09.168,-50.5,973678263.0
Hewlett-Packard,,HPQ.US,Stock purchase,,,,,,,,,,,,,,52793784,2025-10-14 15:56:32.067,-56.84,973560807.0
Alibaba,,BABA.US,Stock sell,,,,,,,,,,,,,,52793784,2025-10-14 13:32:52.688,160.9,973196833.0
Bank of America,,BAC.US,Stock purchase,,,,,,,,,,,,,,52793784,2025-10-13 16:37:30.688,-49.17,971776384.0
Bank of America,,BAC.US,Stock sell,,,,,,,,,,,,,,52793784,2025-10-13 16:37:18.670,20.23,971776222.0
Bank of America,,BAC.US,Stock purchase,,,,,,,,,,,,,,52793784,2025-10-13 16:35:59.430,-20.26,971774472.0
Amazon,,AMZN.US,Stock purchase,,,,,,,,,,,,,,52793784,2025-10-13 16:21:59.604,-220.0,971742237.0
Robinhood,,HOOD.US,Stock purchase,,,,,,,,,,,,,,52793784,2025-10-13 16:19:40.456,-139.0,971739808.0
PayPal,,PYPL.US,Stock sell,,,,,,,,,,,,,,52793784,2025-10-13 14:11:39.317,69.7,971495552.0
Coca-Cola,,KO.US,Stock sell,,,,,,,,,,,,,,52793784,2025-10-13 14:11:37.244,66.01,971495501.0
Alibaba,,BABA.US,Stock purchase,,,,,,,,,,,,,,52793784,2025-10-13 13:32:45.076,-166.27,971386349.0
Coca-Cola,,KO.US,Stock purchase,,,,,,,,,,,,,,52793784,2025-10-10 18:25:37.940,-67.0,969556088.0
Chewy,,CHWY.US,Stock purchase,,,,,,,,,,,,,,52793784,2025-10-10 17:02:42.765,-77.5,969438255.0
PayPal,,PYPL.US,Stock purchase,,,,,,,,,,,,,,52793784,2025-10-10 15:00:39.958,-73.52,969058103.0
Joby Aviation,,JOBY.US,Stock sell,,,,,,,,,,,,,,52793784,2025-10-09 13:35:19.809,34.9,967069020.0
Uber,,UBER.US,Stock sell,,,,,,,,,,,,,,52793784,2025-10-09 13:33:34.540,98.86,967063392.0
Uber,,UBER.US,Stock purchase,,,,,,,,,,,,,,52793784,2025-10-08 19:30:03.018,-99.5,965744621.0
Joby Aviation,,JOBY.US,Stock purchase,,,,,,,,,,,,,,52793784,2025-10-08 16:22:02.830,-34.38,965536406.0
Nuscale Power,,SMR.US,Stock sell,,,,,,,,,,,,,,52793784,2025-10-08 15:36:41.861,77.5,965451475.0
D-Wave Quantum Inc,,QBTS.US,Stock sell,,,,,,,,,,,,,,52793784,2025-10-08 15:36:37.695,35.4,965451406.0
Mp Materials,,MP.US,Stock sell,,,,,,,,,,,,,,52793784,2025-10-08 15:36:34.599,70.96,965451372.0
D-Wave Quantum Inc,,QBTS.US,Stock purchase,,,,,,,,,,,,,,52793784,2025-10-08 14:04:09.067,-36.15,965252786.0
Mp Materials,,MP.US,Stock purchase,,,,,,,,,,,,,,52793784,2025-10-08 13:45:35.209,-73.5,965194065.0
Nuscale Power,,SMR.US,Stock purchase,,,,,,,,,,,,,,52793784,2025-10-08 13:36:06.746,-80.0,965150155.0
Duolingo,,DUOL.US,Stock sell,,,,,,,,,,,,,,52793784,2025-10-08 13:35:03.902,323.01,965126771.0
Gitlab,,GTLB.US,Stock sell,,,,,,,,,,,,,,52793784,2025-10-08 13:33:42.102,46.16,965122845.0
EOG Resources,,EOG.US,Stock sell,,,,,,,,,,,,,,52793784,2025-10-08 13:31:42.083,110.0,965117257.0
UPS,,UPS.US,Stock sell,,,,,,,,,,,,,,52793784,2025-10-08 13:31:15.316,85.52,965115480.0
Aehr Test,,AEHR.US,Stock sell,,,,,,,,,,,,,,52793784,2025-10-08 13:30:45.180,25.76,965112978.0
Aehr Test,,AEHR.US,Stock purchase,,,,,,,,,,,,,,52793784,2025-10-07 19:55:53.276,-26.1,964190591.0
Oscar Health,,OSCR.US,Stock sell,,,,,,,,,,,,,,52793784,2025-10-07 19:51:05.642,67.8,964187943.0
Gitlab,,GTLB.US,Stock purchase,,,,,,,,,,,,,,52793784,2025-10-07 17:36:44.749,-44.5,964045316.0
Oscar Health,,OSCR.US,Stock purchase,,,,,,,,,,,,,,52793784,2025-10-07 17:35:56.360,-69.36,964044934.0
PayPal,,PYPL.US,Stock sell,,,,,,,,,,,,,,52793784,2025-10-07 15:51:56.348,73.14,963930859.0
Duolingo,,DUOL.US,Stock purchase,,,,,,,,,,,,,,52793784,2025-10-07 13:55:59.382,-319.79,963626770.0
SoFi,,SOFI.US,Stock sell,,,,,,,,,,,,,,52793784,2025-10-06 14:05:06.869,51.24,962095080.0
SoFi,,SOFI.US,Stock purchase,,,,,,,,,,,,,,52793784,2025-10-06 13:53:16.693,-51.08,962025530.0
Power Solutions International,,PSIX.US,Stock sell,,,,,,,,,,,,,,52793784,2025-10-06 13:52:45.497,91.5,962024254.0
Opendoor,,OPEN.US,Stock sell,,,,,,,,,,,,,,52793784,2025-10-06 13:50:51.038,82.3,962018793.0
PayPal,,PYPL.US,Stock purchase,,,,,,,,,,,,,,52793784,2025-10-06 13:40:01.006,-69.5,961963235.0
UPS,,UPS.US,Stock purchase,,,,,,,,,,,,,,52793784,2025-10-06 13:34:21.411,-86.5,961942170.0
,,,Transfer,,,,,,,,,,,,,,52793784,2025-10-04 02:31:20.588,130.0,960454727.0
Opendoor,,OPEN.US,Stock purchase,,,,,,,,,,,,,,52793784,2025-10-03 14:53:12.644,-85.2,960050858.0
Opendoor,,OPEN.US,Stock sell,,,,,,,,,,,,,,52793784,2025-10-03 13:58:56.765,83.9,959919913.0
PayPal,,PYPL.US,Stock sell,,,,,,,,,,,,,,52793784,2025-10-03 13:33:32.357,67.99,959823074.0
EOG Resources,,EOG.US,Stock purchase,,,,,,,,,,,,,,52793784,2025-10-02 19:16:01.013,-110.45,957649969.0
Power Solutions International,,PSIX.US,Stock purchase,,,,,,,,,,,,,,52793784,2025-10-02 18:28:06.275,-94.91,957601525.0
,,,Transfer,,,,,,,,,,,,,,52793784,2025-10-02 13:47:25.940,30.0,957076992.0
Synovus,,SNV.US,Stock sell,,,,,,,,,,,,,,52793784,2025-10-02 13:41:30.989,47.89,957060409.0
Oklo Inc,,OKLO.US,Stock sell,,,,,,,,,,,,,,52793784,2025-10-02 13:36:56.047,117.7,957025474.0
,,,Deposit,,,,,,,,,,,,,,52793784,2025-10-02 01:08:39.126,70.0,955778330.0
Oklo Inc,,OKLO.US,Stock purchase,,,,,,,,,,,,,,52793784,2025-10-01 14:14:26.949,-111.8,955229139.0
PayPal,,PYPL.US,Stock purchase,,,,,,,,,,,,,,52793784,2025-09-30 16:15:50.035,-67.34,953586662.0
Synovus,,SNV.US,Stock purchase,,,,,,,,,,,,,,52793784,2025-09-30 15:37:24.649,-48.0,953558433.0
Opendoor,,OPEN.US,Stock purchase,,,,,,,,,,,,,,52793784,2025-09-30 15:09:45.405,-81.5,953507900.0
,,,Transfer,,,,,,,,,,,,,,52793784,2025-09-30 12:48:54.058,-60.0,953171467.0
Intuitive Machines,,LUNR.US,Stock sell,,,,,,,,,,,,,,52793784,2025-09-29 13:47:19.116,20.1,951419961.0
Intel,,INTC.US,Stock sell,,,,,,,,,,,,,,52793784,2025-09-29 13:36:13.695,33.85,951355329.0
Opendoor,,OPEN.US,Stock sell,,,,,,,,,,,,,,52793784,2025-09-29 13:33:05.268,85.4,951347877.0
Opendoor,,OPEN.US,Stock purchase,,,,,,,,,,,,,,52793784,2025-09-26 16:57:12.009,-85.0,949771744.0
US2000,,US2000,Close trade,,,,,,,,,,,,,,52793784,2025-09-26 14:23:36.324,0.2,949571236.0
Pfizer,,PFE.US,Stock sell,,,,,,,,,,,,,,52793784,2025-09-26 14:08:21.654,23.7,949522892.0
SoundHound,,SOUN.US,Stock sell,,,,,,,,,,,,,,52793784,2025-09-26 14:08:14.332,16.39,949522651.0
Rocket Lab,,RKLB.US,Stock sell,,,,,,,,,,,,,,52793784,2025-09-26 14:08:05.990,46.56,949522440.0
Novo Nordisk,,NVO.US,Stock sell,,,,,,,,,,,,,,52793784,2025-09-26 13:54:29.964,55.69,949458071.0
Novo Nordisk,,NVO.US,Stock sell,,,,,,,,,,,,,,52793784,2025-09-26 13:54:29.962,55.69,949458069.0
BigBear.ai,,BBAI.US,Stock sell,,,,,,,,,,,,,,52793784,2025-09-26 13:43:36.323,27.64,949441444.0
Opendoor,,OPEN.US,Stock sell,,,,,,,,,,,,,,52793784,2025-09-26 13:39:48.357,43.3,949435321.0
Opendoor,,OPEN.US,Stock sell,,,,,,,,,,,,,,52793784,2025-09-26 13:39:48.356,43.3,949435319.0
SoundHound,,SOUN.US,Stock purchase,,,,,,,,,,,,,,52793784,2025-09-25 19:42:22.670,-16.38,948538363.0
Intuitive Machines,,LUNR.US,Stock purchase,,,,,,,,,,,,,,52793784,2025-09-25 18:02:38.300,-19.8,948429025.0
BigBear.ai,,BBAI.US,Stock purchase,,,,,,,,,,,,,,52793784,2025-09-25 17:41:27.189,-28.28,948393754.0
Rocket Lab,,RKLB.US,Stock purchase,,,,,,,,,,,,,,52793784,2025-09-25 17:33:21.765,-46.25,948388853.0
Novo Nordisk,,NVO.US,Stock purchase,,,,,,,,,,,,,,52793784,2025-09-25 14:41:44.616,-56.5,948164038.0
Novo Nordisk,,NVO.US,Stock purchase,,,,,,,,,,,,,,52793784,2025-09-25 14:15:46.486,-57.0,948128673.0
Eos Energy Enterprises Inc,,EOSE.US,Stock sell,,,,,,,,,,,,,,52793784,2025-09-25 13:38:47.604,9.81,947988092.0
JD.com,,JD.US,Stock sell,,,,,,,,,,,,,,52793784,2025-09-25 13:38:35.467,34.56,947987500.0
Webull,,BULL.US,Stock sell,,,,,,,,,,,,,,52793784,2025-09-25 13:38:29.109,26.7,947987218.0
Opendoor,,OPEN.US,Stock purchase,,,,,,,,,,,,,,52793784,2025-09-25 13:31:34.444,-40.15,947968862.0
Pfizer,,PFE.US,Stock purchase,,,,,,,,,,,,,,52793784,2025-09-24 18:12:40.652,-24.0,946672926.0
US100,,US100,Close trade,,,,,,,,,,,,,,52793784,2025-09-24 16:34:35.829,1.93,946589333.0
Opendoor,,OPEN.US,Stock purchase,,,,,,,,,,,,,,52793784,2025-09-24 16:10:52.837,-38.3,946569103.0
JD.com,,JD.US,Stock purchase,,,,,,,,,,,,,,52793784,2025-09-24 15:35:45.241,-35.51,946510240.0
Zeta Global,,ZETA.US,Stock sell,,,,,,,,,,,,,,52793784,2025-09-24 14:33:14.828,42.44,946386649.0
Uipath,,PATH.US,Stock sell,,,,,,,,,,,,,,52793784,2025-09-24 14:16:38.619,24.88,946342922.0
Opendoor,,OPEN.US,Stock sell,,,,,,,,,,,,,,52793784,2025-09-24 14:11:28.012,79.7,946335409.0
Opendoor,,OPEN.US,Stock sell,,,,,,,,,,,,,,52793784,2025-09-24 14:11:28.011,79.7,946335407.0
Samsara,,IOT.US,Stock sell,,,,,,,,,,,,,,52793784,2025-09-24 13:43:28.659,38.17,946247884.0
Rocket Lab,,RKLB.US,Stock sell,,,,,,,,,,,,,,52793784,2025-09-24 13:30:53.319,51.57,946220479.0
Eos Energy Enterprises Inc,,EOSE.US,Stock purchase,,,,,,,,,,,,,,52793784,2025-09-23 17:41:38.486,-10.0,945224028.0
Webull,,BULL.US,Stock purchase,,,,,,,,,,,,,,52793784,2025-09-23 17:34:39.150,-28.6,945214775.0
Opendoor,,OPEN.US,Stock purchase,,,,,,,,,,,,,,52793784,2025-09-23 17:19:04.192,-77.0,945199817.0
Zeta Global,,ZETA.US,Stock sell,,,,,,,,,,,,,,52793784,2025-09-23 17:02:55.189,66.27,945190550.0
Upstart,,UPST.US,Stock sell,,,,,,,,,,,,,,52793784,2025-09-23 16:37:32.538,64.71,945170038.0
Opendoor,,OPEN.US,Stock purchase,,,,,,,,,,,,,,52793784,2025-09-23 14:29:20.173,-74.0,944977972.0
Uipath,,PATH.US,Stock purchase,,,,,,,,,,,,,,52793784,2025-09-23 13:37:40.341,-26.0,944848843.0
COFFEE,,COFFEE,Close trade,,,,,,,,,,,,,,52793784,2025-09-23 13:35:10.151,12.0,944823509.0
COFFEE,,COFFEE,Close trade,,,,,,,,,,,,,,52793784,2025-09-23 12:46:16.844,12.0,944775899.0
COFFEE,,COFFEE,Close trade,,,,,,,,,,,,,,52793784,2025-09-23 11:52:56.824,-0.8,944701512.0
Upstart,,UPST.US,Stock purchase,,,,,,,,,,,,,,52793784,2025-09-22 15:15:44.528,-64.5,943618181.0
Zeta Global,,ZETA.US,Stock purchase,,,,,,,,,,,,,,52793784,2025-09-22 14:36:46.142,-108.5,943555259.0
Samsara,,IOT.US,Stock purchase,,,,,,,,,,,,,,52793784,2025-09-22 13:47:06.940,-39.5,943427421.0
Rocket Lab,,RKLB.US,Stock purchase,,,,,,,,,,,,,,52793784,2025-09-18 18:25:38.129,-48.39,940914903.0
Intel,,INTC.US,Stock purchase,,,,,,,,,,,,,,52793784,2025-09-18 17:17:48.455,-31.0,940838457.0
,,,Transfer,,,,,,,,,,,,,,52793784,2025-09-17 17:52:07.659,19.23,939219907.0
,,,Transfer,,,,,,,,,,,,,,52793784,2025-09-17 16:30:06.954,7.0,939155423.0
COFFEE,,COFFEE,Close trade,,,,,,,,,,,,,,52793784,2025-09-17 13:48:18.979,26.0,938924225.0
COFFEE,,COFFEE,Close trade,,,,,,,,,,,,,,52793784,2025-09-17 13:38:14.758,11.0,938907163.0
Centene,,CNC.US,Stock sell,,,,,,,,,,,,,,52793784,2025-09-16 13:42:18.044,64.86,937642305.0
Robinhood,,HOOD.US,Stock sell,,,,,,,,,,,,,,52793784,2025-09-16 13:42:13.884,114.85,937642187.0
,,,Transfer,,,,,,,,,,,,,,52793784,2025-09-15 21:57:13.203,195.0,936800966.0
Robinhood,,HOOD.US,Stock purchase,,,,,,,,,,,,,,52793784,2025-09-15 14:17:54.871,-114.0,936385402.0
Centene,,CNC.US,Stock purchase,,,,,,,,,,,,,,52793784,2025-09-15 13:32:55.236,-66.0,936238160.0
,,,Transfer,,,,,,,,,,,,,,52793784,2025-09-15 02:22:48.025,13.0,934581973.0
Adobe Systems,,ADBE.US,Close trade,,,,,,,,,,,,,,52793784,2025-09-12 17:23:52.512,-13.36,933910318.0
UPS,,UPS.US,Swap,,,,,,,,,,,,,,52793784,2025-09-12 13:45:13.337,-0.08,933636258.0
UPS,,UPS.US,Close trade,,,,,,,,,,,,,,52793784,2025-09-12 13:45:13.337,2.92,933636257.0
Oracle,,ORCL.US,Close trade,,,,,,,,,,,,,,52793784,2025-09-11 15:05:58.711,0.39,932594798.0
Centene,,CNC.US,Swap,,,,,,,,,,,,,,52793784,2025-09-11 13:30:53.274,-0.04,932360819.0
Centene,,CNC.US,Close trade,,,,,,,,,,,,,,52793784,2025-09-11 13:30:53.274,22.3,932360818.0
Upstart,,UPST.US,Close trade,,,,,,,,,,,,,,52793784,2025-09-10 16:18:35.005,-0.4,931140555.0
,,,Transfer,,,,,,,,,,,,,,52793784,2025-09-10 13:58:21.874,-5.0,930910338.0
Oracle,,ORCL.US,Close trade,,,,,,,,,,,,,,52793784,2025-09-10 13:42:40.906,8.76,930862490.0
Qualcomm,,QCOM.US,Close trade,,,,,,,,,,,,,,52793784,2025-09-09 17:47:21.726,-4.9,929681158.0
Qualcomm,,QCOM.US,Close trade,,,,,,,,,,,,,,52793784,2025-09-08 16:36:53.750,-5.8,928280678.0
,,,Transfer,,,,,,,,,,,,,,52793784,2025-09-08 14:21:21.595,30.0,928091418.0
Nvidia,,NVDA.US,Swap,,,,,,,,,,,,,,52793784,2025-09-08 14:19:09.599,-0.36,928068356.0
Nvidia,,NVDA.US,Close trade,,,,,,,,,,,,,,52793784,2025-09-08 14:19:09.599,7.62,928068355.0
,,,Transfer,,,,,,,,,,,,,,52793784,2025-09-07 15:24:33.746,-30.0,927076407.0
,,,Transfer,,,,,,,,,,,,,,52793784,2025-09-07 15:18:00.583,64.0,927075688.0
US100,,US100,Close trade,,,,,,,,,,,,,,52793784,2025-09-05 16:28:17.328,0.33,926564090.0
,,,Transfer,,,,,,,,,,,,,,52793784,2025-09-05 16:21:32.815,-25.0,926559467.0
US100,,US100,Close trade,,,,,,,,,,,,,,52793784,2025-09-05 16:17:37.881,2.54,926557095.0
US100,,US100,Close trade,,,,,,,,,,,,,,52793784,2025-09-05 15:45:59.495,4.04,926512849.0
Tempus AI,,TEM.US,Stock sell,,,,,,,,,,,,,,52793784,2025-09-05 14:24:33.581,76.82,926334819.0
,,,Transfer,,,,,,,,,,,,,,52793784,2025-09-04 05:06:29.490,20.0,924422596.0
,,,Transfer,,,,,,,,,,,,,,52793784,2025-09-04 02:18:09.297,-20.0,924360746.0
Tempus AI,,TEM.US,Stock purchase,,,,,,,,,,,,,,52793784,2025-09-03 19:14:25.511,-75.77,924220654.0
Upstart,,UPST.US,Stock sell,,,,,,,,,,,,,,52793784,2025-09-03 19:12:54.318,64.83,924220152.0
,,,Transfer,,,,,,,,,,,,,,52793784,2025-09-03 10:39:32.468,8.0,922107555.0
,,,Transfer,,,,,,,,,,,,,,52793784,2025-09-03 10:35:25.282,20.0,922105195.0
,,,Transfer,,,,,,,,,,,,,,52793784,2025-09-03 04:18:58.291,-28.0,921764935.0
,,,Transfer,,,,,,,,,,,,,,52793784,2025-09-02 21:38:17.484,53.21,921627120.0
Upstart,,UPST.US,Stock purchase,,,,,,,,,,,,,,52793784,2025-09-02 19:45:05.695,-69.1,921591867.0
,,,Transfer,,,,,,,,,,,,,,52793784,2025-09-02 19:11:19.395,70.0,921573143.0
,,,Total,,,,,,,,,,,,,,52793784,,3389.24,
Hewlett Packard,,HPE.US,Stock sell,,,,,,,,,,,,,,53682207,2026-06-02 16:02:18.476,566.4,1291130242.0
Hewlett Packard,,HPE.US,Stock purchase,,,,,,,,,,,,,,53682207,2026-06-02 14:48:57.968,-591.8,1290990065.0
Erasca,,ERAS.US,Stock sell,,,,,,,,,,,,,,53682207,2026-06-02 14:22:49.790,137.4,1290898575.0
AXT,,AXTI.US,Stock sell,,,,,,,,,,,,,,53682207,2026-06-02 13:49:42.001,583.0,1290759899.0
Erasca,,ERAS.US,Stock purchase,,,,,,,,,,,,,,53682207,2026-06-01 16:47:26.362,-146.0,1289205780.0
AXT,,AXTI.US,Stock purchase,,,,,,,,,,,,,,53682207,2026-06-01 16:37:58.343,-560.0,1289198768.0
Dell,,DELL.US,Stock sell,,,,,,,,,,,,,,53682207,2026-05-29 19:32:31.835,418.0,1286504264.0
Dell,,DELL.US,Stock purchase,,,,,,,,,,,,,,53682207,2026-05-29 13:41:23.033,-418.0,1285828923.0
AeroVironment,,AVAV.US,Stock sell,,,,,,,,,,,,,,53682207,2026-05-28 17:48:05.799,212.07,1284385038.0
Vistra Energy,,VST.US,Stock sell,,,,,,,,,,,,,,53682207,2026-05-28 17:47:56.544,161.87,1284384926.0
Vistra Energy,,VST.US,Stock purchase,,,,,,,,,,,,,,53682207,2026-05-28 14:05:04.795,-160.0,1283908080.0
SoFi,,SOFI.US,Stock sell,,,,,,,,,,,,,,53682207,2026-05-28 13:50:09.542,160.8,1283877720.0
AeroVironment,,AVAV.US,Stock purchase,,,,,,,,,,,,,,53682207,2026-05-26 16:35:17.172,-184.0,1280565636.0
Vistra Energy,,VST.US,Stock sell,,,,,,,,,,,,,,53682207,2026-05-26 15:18:10.578,165.0,1280440517.0
Vistra Energy,,VST.US,Stock sell,,,,,,,,,,,,,,53682207,2026-05-26 15:18:10.576,330.0,1280440515.0
SoFi,,SOFI.US,Stock purchase,,,,,,,,,,,,,,53682207,2026-05-26 13:42:55.165,-160.0,1280171570.0
,,,Deposit,,,,,,,,,,,,,,53682207,2026-05-25 05:00:07.015,250.0,1278080586.0
Alibaba,,BABA.US,Stock sell,,,,,,,,,,,,,,53682207,2026-05-22 18:17:23.664,129.77,1277257957.0
SoFi,,SOFI.US,Stock sell,,,,,,,,,,,,,,53682207,2026-05-22 18:13:46.302,62.44,1277255867.0
Critical Metals,,CRML.US,Stock sell,,,,,,,,,,,,,,53682207,2026-05-21 17:39:18.808,11.31,1275518610.0
Critical Metals,,CRML.US,Stock purchase,,,,,,,,,,,,,,53682207,2026-05-21 14:40:53.614,-11.28,1275256495.0
SoFi,,SOFI.US,Stock purchase,,,,,,,,,,,,,,53682207,2026-05-21 14:40:08.205,-62.0,1275255222.0
Alibaba,,BABA.US,Stock purchase,,,,,,,,,,,,,,53682207,2026-05-21 14:33:09.480,-129.0,1275226132.0
United States Antimony,,UAMY.US,Stock sell,,,,,,,,,,,,,,53682207,2026-05-21 14:29:11.449,84.5,1275219898.0
United States Antimony,,UAMY.US,Stock purchase,,,,,,,,,,,,,,53682207,2026-05-20 19:42:03.423,-84.0,1274072511.0
Vistra Energy,,VST.US,Stock purchase,,,,,,,,,,,,,,53682207,2026-05-13 14:44:09.343,-141.0,1263525483.0
Gambling.com,,GAMB.US,Stock sell,,,,,,,,,,,,,,53682207,2026-05-13 14:31:58.107,83.8,1263505654.0
Tencent Music,,TME.US,Stock sell,,,,,,,,,,,,,,53682207,2026-05-13 14:31:52.902,89.2,1263505404.0
Vistra Energy,,VST.US,Stock purchase,,,,,,,,,,,,,,53682207,2026-05-13 14:26:29.906,-281.0,1263496271.0
Gambling.com,,GAMB.US,Stock purchase,,,,,,,,,,,,,,53682207,2026-05-07 15:20:31.144,-89.0,1255575101.0
Tencent Music,,TME.US,Stock purchase,,,,,,,,,,,,,,53682207,2026-05-07 14:41:44.974,-93.8,1255477099.0
,,,Deposit,,,,,,,,,,,,,,53682207,2026-04-28 01:26:06.888,160.29,1239696536.0
Critical Metals,,CRML.US,Stock sell,,,,,,,,,,,,,,53682207,2026-04-20 15:57:29.604,59.4,1230954243.0
Critical Metals,,CRML.US,Stock sell,,,,,,,,,,,,,,53682207,2026-04-20 15:57:29.603,118.8,1230954241.0
Stratasys,,SSYS.US,Stock sell,,,,,,,,,,,,,,53682207,2026-04-20 15:56:56.612,44.2,1230953922.0
Silver Trust,,SLV.US,Stock sell,,,,,,,,,,,,,,53682207,2026-04-20 15:56:48.402,72.25,1230953872.0
Barrick Mining,,B.US,Stock sell,,,,,,,,,,,,,,53682207,2026-04-20 15:56:42.274,42.84,1230953797.0
Stratasys,,SSYS.US,Stock purchase,,,,,,,,,,,,,,53682207,2026-03-20 18:45:19.845,-38.0,1187456825.0
Barrick Mining,,B.US,Stock purchase,,,,,,,,,,,,,,53682207,2026-03-19 15:54:38.023,-37.5,1185462174.0
Silver Trust,,SLV.US,Stock purchase,,,,,,,,,,,,,,53682207,2026-03-19 15:32:32.401,-63.0,1185428792.0
Critical Metals,,CRML.US,Stock purchase,,,,,,,,,,,,,,53682207,2026-03-19 15:31:00.558,-41.0,1185405716.0
Microsoft,,MSFT.US,Withholding tax,,,,,,,,,,,,,,53682207,2026-03-12 06:50:14.822,-0.27,1173750024.0
Enovix,,ENVX.US,Stock sell,,,,,,,,,,,,,,53682207,2026-03-11 15:12:39.178,49.8,1172887934.0
Critical Metals,,CRML.US,Stock purchase,,,,,,,,,,,,,,53682207,2026-03-11 13:30:45.281,-99.0,1172601744.0
Hims & Hers Health,,HIMS.US,Stock sell,,,,,,,,,,,,,,53682207,2026-03-10 16:24:16.485,23.1,1171186072.0
Enovix,,ENVX.US,Stock purchase,,,,,,,,,,,,,,53682207,2026-03-10 15:57:22.297,-49.0,1171159654.0
Hims & Hers Health,,HIMS.US,Stock purchase,,,,,,,,,,,,,,53682207,2026-03-10 15:05:15.675,-23.0,1171018500.0
BigBear.ai,,BBAI.US,Stock sell,,,,,,,,,,,,,,53682207,2026-03-10 13:49:39.765,8.48,1170829153.0
Microsoft,,MSFT.US,Stock sell,,,,,,,,,,,,,,53682207,2026-03-10 13:49:23.184,404.85,1170828720.0
BigBear.ai,,BBAI.US,Stock purchase,,,,,,,,,,,,,,53682207,2026-02-27 17:03:32.273,-7.84,1153347639.0
Microsoft,,MSFT.US,Stock purchase,,,,,,,,,,,,,,53682207,2026-02-27 14:59:47.885,-394.52,1153089030.0
Microsoft,,MSFT.US,Stock sell,,,,,,,,,,,,,,53682207,2026-02-26 15:20:08.706,402.24,1151423499.0
Microsoft,,MSFT.US,Stock purchase,,,,,,,,,,,,,,53682207,2026-02-06 14:44:54.054,-399.75,1128672629.0
Energy Select Sector,,XLE.US,Stock sell,,,,,,,,,,,,,,53682207,2026-02-05 16:02:46.274,51.63,1127031661.0
Energy Select Sector,,XLE.US,Stock purchase,,,,,,,,,,,,,,53682207,2026-02-05 15:35:38.308,-51.5,1126910666.0
Nuscale Power,,SMR.US,Stock sell,,,,,,,,,,,,,,53682207,2026-02-05 14:35:38.735,15.91,1126622110.0
Nuscale Power,,SMR.US,Stock purchase,,,,,,,,,,,,,,53682207,2026-02-04 14:34:19.305,-17.0,1124581886.0
Relmada Therapeutics,,RLMD.US,Stock sell,,,,,,,,,,,,,,53682207,2026-02-02 14:34:07.159,35.0,1119261268.0
Robinhood,,HOOD.US,Stock sell,,,,,,,,,,,,,,53682207,2026-02-02 14:34:04.915,93.46,1119261105.0
Robinhood,,HOOD.US,Stock sell,,,,,,,,,,,,,,53682207,2026-02-02 14:34:04.913,93.46,1119261103.0
,,,Deposit,,,,,,,,,,,,,,53682207,2026-02-01 23:41:12.687,150.0,1117139915.0
Relmada Therapeutics,,RLMD.US,Stock purchase,,,,,,,,,,,,,,53682207,2026-01-30 17:48:12.762,-36.0,1115982400.0
Robinhood,,HOOD.US,Stock purchase,,,,,,,,,,,,,,53682207,2026-01-30 14:48:22.222,-102.98,1115454572.0
Robinhood,,HOOD.US,Stock purchase,,,,,,,,,,,,,,53682207,2026-01-29 20:51:21.178,-100.64,1113739771.0
Fiserv,,FISV.US,Stock sell,,,,,,,,,,,,,,53682207,2026-01-29 18:14:06.871,63.6,1113548128.0
Fiserv,,FISV.US,Stock sell,,,,,,,,,,,,,,53682207,2026-01-29 18:14:06.870,63.6,1113548126.0
Fiserv,,FISV.US,Stock purchase,,,,,,,,,,,,,,53682207,2026-01-29 14:42:56.092,-64.5,1112735050.0
Marvell,,MRVL.US,Stock sell,,,,,,,,,,,,,,53682207,2026-01-28 16:59:22.642,82.9,1110906482.0
Fiserv,,FISV.US,Stock purchase,,,,,,,,,,,,,,53682207,2026-01-26 18:52:19.718,-66.5,1107178586.0
Marvell,,MRVL.US,Stock purchase,,,,,,,,,,,,,,53682207,2026-01-26 15:23:06.641,-81.0,1106677421.0
Nike,,NKE.US,Stock sell,,,,,,,,,,,,,,53682207,2026-01-26 15:21:46.200,65.27,1106673923.0
Vistra Energy,,VST.US,Stock sell,,,,,,,,,,,,,,53682207,2026-01-26 14:51:42.834,162.89,1106572583.0
Vistra Energy,,VST.US,Stock purchase,,,,,,,,,,,,,,53682207,2026-01-22 20:13:09.435,-161.5,1102471470.0
Nike,,NKE.US,Stock purchase,,,,,,,,,,,,,,53682207,2026-01-21 19:51:03.637,-65.0,1100443371.0
PayPal,,PYPL.US,Stock sell,,,,,,,,,,,,,,53682207,2026-01-21 19:46:11.905,56.09,1100433738.0
Oddity Tech Ltd,,ODD.US,Stock sell,,,,,,,,,,,,,,53682207,2026-01-21 19:45:30.716,34.5,1100432482.0
Trade Desk,,TTD.US,Stock sell,,,,,,,,,,,,,,53682207,2026-01-21 19:45:18.282,35.44,1100432093.0
Hims & Hers Health,,HIMS.US,Stock sell,,,,,,,,,,,,,,53682207,2026-01-21 19:14:23.361,28.31,1100336612.0
Hims & Hers Health,,HIMS.US,Stock sell,,,,,,,,,,,,,,53682207,2026-01-21 19:14:23.360,28.31,1100336610.0
Trade Desk,,TTD.US,Stock purchase,,,,,,,,,,,,,,53682207,2026-01-21 16:57:45.963,-34.9,1100136366.0
Oddity Tech Ltd,,ODD.US,Stock purchase,,,,,,,,,,,,,,53682207,2026-01-21 16:57:04.046,-34.3,1100135479.0
Trade Desk,,TTD.US,Stock sell,,,,,,,,,,,,,,53682207,2026-01-21 16:56:18.060,2.08,1100134479.0
Trade Desk,,TTD.US,Stock purchase,,,,,,,,,,,,,,53682207,2026-01-21 16:55:56.233,-2.08,1100133953.0
Oddity Tech Ltd,,ODD.US,Stock sell,,,,,,,,,,,,,,53682207,2026-01-21 16:12:03.242,138.32,1100009399.0
Redwire,,RDW.US,Stock sell,,,,,,,,,,,,,,53682207,2026-01-20 14:49:14.925,10.98,1097557303.0
Redwire,,RDW.US,Stock purchase,,,,,,,,,,,,,,53682207,2026-01-16 20:47:59.965,-11.75,1094226908.0
PayPal,,PYPL.US,Stock purchase,,,,,,,,,,,,,,53682207,2026-01-15 16:11:33.549,-56.87,1092130381.0
Oddity Tech Ltd,,ODD.US,Stock sell,,,,,,,,,,,,,,53682207,2026-01-15 16:09:15.967,34.78,1092087072.0
Oddity Tech Ltd,,ODD.US,Stock purchase,,,,,,,,,,,,,,53682207,2026-01-15 15:20:57.268,-172.55,1091978784.0
Netflix,,NFLX.US,Stock sell,,,,,,,,,,,,,,53682207,2026-01-15 14:31:35.080,89.17,1091800700.0
TSS,,TSSI.US,Stock sell,,,,,,,,,,,,,,53682207,2026-01-14 14:58:03.727,9.56,1089210014.0
Asset Entities,,ASST.US,Stock sell,,,,,,,,,,,,,,53682207,2026-01-14 14:57:56.406,10.3,1089209624.0
Nike,,NKE.US,Stock sell,,,,,,,,,,,,,,53682207,2026-01-14 14:54:32.238,66.87,1089182214.0
Netflix,,NFLX.US,Stock purchase,,,,,,,,,,,,,,53682207,2026-01-14 14:51:55.086,-89.0,1089175672.0
Humacyte Inc,,HUMA.US,Stock sell,,,,,,,,,,,,,,53682207,2026-01-12 19:48:09.147,11.2,1086067006.0
Opendoor,,OPEN.US,Close trade,,,,,,,,,,,,,,53682207,2026-01-12 14:30:13.487,6.3,1085427976.0
Hims & Hers Health,,HIMS.US,Stock purchase,,,,,,,,,,,,,,53682207,2026-01-09 20:00:12.402,-32.3,1083558811.0
Hims & Hers Health,,HIMS.US,Stock purchase,,,,,,,,,,,,,,53682207,2026-01-07 18:43:29.247,-35.5,1079623466.0
Humacyte Inc,,HUMA.US,Stock purchase,,,,,,,,,,,,,,53682207,2026-01-07 18:37:43.345,-12.2,1079619882.0
Nike,,NKE.US,Stock purchase,,,,,,,,,,,,,,53682207,2026-01-07 15:08:50.808,-63.5,1079274559.0
Hims & Hers Health,,HIMS.US,Stock sell,,,,,,,,,,,,,,53682207,2026-01-07 15:04:39.878,35.62,1079246405.0
Nike,,NKE.US,Stock sell,,,,,,,,,,,,,,53682207,2026-01-07 14:52:26.756,128.2,1079219713.0
Marathon,,MARA.US,Stock sell,,,,,,,,,,,,,,53682207,2026-01-07 14:36:59.846,50.85,1079144758.0
Marathon,,MARA.US,Stock purchase,,,,,,,,,,,,,,53682207,2026-01-06 19:02:54.044,-50.0,1076511630.0
Asset Entities,,ASST.US,Stock purchase,,,,,,,,,,,,,,53682207,2026-01-06 16:33:07.565,-10.0,1076340086.0
Hims & Hers Health,,HIMS.US,Stock purchase,,,,,,,,,,,,,,53682207,2026-01-06 16:18:54.035,-35.0,1076304706.0
Robinhood,,HOOD.US,Stock sell,,,,,,,,,,,,,,53682207,2026-01-06 15:56:10.529,120.79,1076256610.0
TSS,,TSSI.US,Stock purchase,,,,,,,,,,,,,,53682207,2026-01-05 15:43:33.529,-7.9,1074663100.0
Robinhood,,HOOD.US,Stock purchase,,,,,,,,,,,,,,53682207,2026-01-02 14:56:00.304,-113.0,1072165992.0
Nike,,NKE.US,Stock purchase,,,,,,,,,,,,,,53682207,2026-01-02 14:37:51.797,-127.2,1072080268.0
,,,Deposit,,,,,,,,,,,,,,53682207,2025-12-31 04:54:14.773,260.0,1069359709.0
,,,Total,,,,,,,,,,,,,,53682207,,969.68,
Marvell,,MRVL.US,Stock sell,,,,,,,,,,,,,,54601823,2026-06-03 13:31:10.446,314.0,1292758723.0
Marvell,,MRVL.US,Stock sell,,,,,,,,,,,,,,54601823,2026-06-03 13:31:10.444,314.0,1292758721.0
Hewlett Packard,,HPE.US,Stock sell,,,,,,,,,,,,,,54601823,2026-06-02 16:04:26.064,560.5,1291132148.0
Marvell,,MRVL.US,Stock purchase,,,,,,,,,,,,,,54601823,2026-06-02 15:27:04.921,-278.0,1291076950.0
Agora,,API.US,Stock sell,,,,,,,,,,,,,,54601823,2026-06-02 15:23:18.451,50.1,1291072603.0
Hewlett Packard,,HPE.US,Stock purchase,,,,,,,,,,,,,,54601823,2026-06-02 14:48:23.784,-591.7,1290988987.0
Marvell,,MRVL.US,Stock purchase,,,,,,,,,,,,,,54601823,2026-06-02 14:35:11.270,-272.15,1290944549.0
Erasca,,ERAS.US,Stock sell,,,,,,,,,,,,,,54601823,2026-06-02 14:21:38.349,137.0,1290895668.0
Agora,,API.US,Stock purchase,,,,,,,,,,,,,,54601823,2026-06-02 14:21:27.588,-49.8,1290895301.0
AXT,,AXTI.US,Stock sell,,,,,,,,,,,,,,54601823,2026-06-02 13:57:25.144,116.21,1290799189.0
AXT,,AXTI.US,Stock sell,,,,,,,,,,,,,,54601823,2026-06-02 13:57:25.143,116.21,1290799187.0
AXT,,AXTI.US,Stock sell,,,,,,,,,,,,,,54601823,2026-06-02 13:57:25.142,116.21,1290799185.0
Vistra Energy,,VST.US,Stock sell,,,,,,,,,,,,,,54601823,2026-06-02 13:38:08.083,156.04,1290706830.0
AXT,,AXTI.US,Stock purchase,,,,,,,,,,,,,,54601823,2026-06-01 16:39:15.016,-112.0,1289199880.0
AXT,,AXTI.US,Stock purchase,,,,,,,,,,,,,,54601823,2026-06-01 16:39:15.002,-112.0,1289199879.0
Erasca,,ERAS.US,Stock purchase,,,,,,,,,,,,,,54601823,2026-06-01 16:21:53.201,-147.0,1289185851.0
Robinhood,,HOOD.US,Stock sell,,,,,,,,,,,,,,54601823,2026-06-01 16:18:47.873,89.94,1289182814.0
AXT,,AXTI.US,Stock purchase,,,,,,,,,,,,,,54601823,2026-06-01 15:34:58.007,-108.5,1289115163.0
Vistra Energy,,VST.US,Stock purchase,,,,,,,,,,,,,,54601823,2026-06-01 13:34:40.533,-155.0,1288598002.0
Robinhood,,HOOD.US,Stock purchase,,,,,,,,,,,,,,54601823,2026-06-01 13:32:00.891,-87.97,1288577812.0
AeroVironment,,AVAV.US,Stock sell,,,,,,,,,,,,,,54601823,2026-05-29 13:33:25.789,209.61,1285759885.0
,,,Transfer,,,,,,,,,,,,,,54601823,2026-05-29 12:45:03.596,822.0,1285635446.0
Alibaba,,BABA.US,Stock sell,,,,,,,,,,,,,,54601823,2026-05-28 19:01:42.681,125.68,1284472816.0
Alibaba,,BABA.US,Stock sell,,,,,,,,,,,,,,54601823,2026-05-28 19:01:42.680,125.68,1284472814.0
Alibaba,,BABA.US,Stock sell,,,,,,,,,,,,,,54601823,2026-05-28 19:01:42.679,125.68,1284472810.0
Alibaba,,BABA.US,Stock purchase,,,,,,,,,,,,,,54601823,2026-05-28 14:14:33.436,-125.0,1284001651.0
Rackspace Technology,,RXT.US,Stock sell,,,,,,,,,,,,,,54601823,2026-05-27 13:58:24.246,97.4,1282123598.0
Robinhood,,HOOD.US,Stock sell,,,,,,,,,,,,,,54601823,2026-05-26 16:44:14.380,296.6,1280591741.0
Vistra Energy,,VST.US,Stock sell,,,,,,,,,,,,,,54601823,2026-05-26 15:38:27.701,165.0,1280480193.0
Vistra Energy,,VST.US,Stock sell,,,,,,,,,,,,,,54601823,2026-05-26 15:38:27.700,165.0,1280480191.0
Vistra Energy,,VST.US,Stock sell,,,,,,,,,,,,,,54601823,2026-05-26 15:38:27.699,165.0,1280480189.0
AeroVironment,,AVAV.US,Stock purchase,,,,,,,,,,,,,,54601823,2026-05-26 14:16:25.482,-185.0,1280287595.0
PayPal,,PYPL.US,Stock sell,,,,,,,,,,,,,,54601823,2026-05-26 14:02:36.333,221.6,1280261232.0
Robinhood,,HOOD.US,Stock purchase,,,,,,,,,,,,,,54601823,2026-05-26 13:58:56.109,-296.0,1280252277.0
,,,Transfer,,,,,,,,,,,,,,54601823,2026-05-26 13:38:36.337,5.0,1280120855.0
Rackspace Technology,,RXT.US,Stock purchase,,,,,,,,,,,,,,54601823,2026-05-22 18:45:30.744,-21.75,1277291275.0
Rackspace Technology,,RXT.US,Stock purchase,,,,,,,,,,,,,,54601823,2026-05-22 18:29:35.827,-65.25,1277263602.0
Energy Select Sector,,XLE.US,Stock sell,,,,,,,,,,,,,,54601823,2026-05-22 16:29:52.267,118.38,1277143559.0
Nike,,NKE.US,Stock sell,,,,,,,,,,,,,,54601823,2026-05-22 16:01:30.888,44.37,1277126182.0
Nike,,NKE.US,Stock sell,,,,,,,,,,,,,,54601823,2026-05-22 16:01:30.886,133.11,1277126180.0
Alibaba,,BABA.US,Stock purchase,,,,,,,,,,,,,,54601823,2026-05-22 14:04:06.996,-129.8,1276864435.0
Netflix,,NFLX.US,Stock sell,,,,,,,,,,,,,,54601823,2026-05-22 14:03:33.410,88.97,1276863419.0
Netflix,,NFLX.US,Stock sell,,,,,,,,,,,,,,54601823,2026-05-22 14:03:33.409,88.97,1276863417.0
Alibaba,,BABA.US,Stock purchase,,,,,,,,,,,,,,54601823,2026-05-19 13:48:48.473,-136.0,1271909877.0
Vistra Energy,,VST.US,Stock purchase,,,,,,,,,,,,,,54601823,2026-05-14 13:59:04.877,-140.0,1265393163.0
,,,Transfer,,,,,,,,,,,,,,54601823,2026-05-13 15:03:30.259,30.0,1263591244.0
Nike,,NKE.US,Stock purchase,,,,,,,,,,,,,,54601823,2026-05-13 15:01:51.747,-42.0,1263589501.0
Uber,,UBER.US,Stock sell,,,,,,,,,,,,,,54601823,2026-05-13 14:47:03.598,150.26,1263570612.0
Tencent Music,,TME.US,Stock sell,,,,,,,,,,,,,,54601823,2026-05-13 14:46:45.950,89.6,1263570145.0
Vistra Energy,,VST.US,Stock purchase,,,,,,,,,,,,,,54601823,2026-05-13 14:44:09.338,-141.0,1263525482.0
Hims & Hers Health,,HIMS.US,Stock sell,,,,,,,,,,,,,,54601823,2026-05-13 14:38:56.273,117.35,1263518176.0
Vistra Energy,,VST.US,Stock purchase,,,,,,,,,,,,,,54601823,2026-05-13 14:30:11.690,-140.0,1263502413.0
Verisk,,VRSK.US,Stock sell,,,,,,,,,,,,,,54601823,2026-05-13 14:29:23.567,161.22,1263500983.0
Energy Select Sector,,XLE.US,Stock purchase,,,,,,,,,,,,,,54601823,2026-05-11 14:05:20.007,-113.0,1259759932.0
Hims & Hers Health,,HIMS.US,Stock purchase,,,,,,,,,,,,,,54601823,2026-05-11 13:42:20.949,-145.0,1259672217.0
PayPal,,PYPL.US,Stock purchase,,,,,,,,,,,,,,54601823,2026-05-11 13:39:06.132,-226.5,1259661527.0
Nike,,NKE.US,Stock purchase,,,,,,,,,,,,,,54601823,2026-05-11 13:30:33.855,-131.25,1259554157.0
Netflix,,NFLX.US,Stock purchase,,,,,,,,,,,,,,54601823,2026-05-08 13:30:33.164,-87.73,1257083153.0
Verisk,,VRSK.US,Stock purchase,,,,,,,,,,,,,,54601823,2026-05-07 15:09:17.560,-176.0,1255562942.0
Tencent Music,,TME.US,Stock purchase,,,,,,,,,,,,,,54601823,2026-05-07 14:39:33.235,-94.0,1255473101.0
Uber,,UBER.US,Stock purchase,,,,,,,,,,,,,,54601823,2026-05-07 13:51:12.725,-159.0,1255324444.0
Nuscale Power,,SMR.US,Stock sell,,,,,,,,,,,,,,54601823,2026-05-05 14:01:05.696,116.8,1251434161.0
Eos Energy Enterprises Inc,,EOSE.US,Stock sell,,,,,,,,,,,,,,54601823,2026-05-05 14:00:53.988,37.02,1251433690.0
Eos Energy Enterprises Inc,,EOSE.US,Stock purchase,,,,,,,,,,,,,,54601823,2026-05-01 13:31:06.410,-39.0,1245510702.0
Nuscale Power,,SMR.US,Stock purchase,,,,,,,,,,,,,,54601823,2026-04-30 17:56:20.970,-121.5,1244718569.0
Netflix,,NFLX.US,Stock purchase,,,,,,,,,,,,,,54601823,2026-04-30 14:54:09.019,-93.0,1244502715.0
Robinhood,,HOOD.US,Stock sell,,,,,,,,,,,,,,54601823,2026-04-21 14:04:00.102,89.55,1232147094.0
Alibaba,,BABA.US,Stock sell,,,,,,,,,,,,,,54601823,2026-04-21 14:03:34.230,138.0,1232146531.0
Vistra Energy,,VST.US,Stock sell,,,,,,,,,,,,,,54601823,2026-04-20 15:40:29.259,161.55,1230923142.0
Microsoft,,MSFT.US,Stock sell,,,,,,,,,,,,,,54601823,2026-04-20 15:39:23.405,417.24,1230922426.0
Micron,,MU.US,Withholding tax,,,,,,,,,,,,,,54601823,2026-04-15 09:55:05.077,-0.05,1223996247.0
Critical Metals,,CRML.US,Stock sell,,,,,,,,,,,,,,54601823,2026-04-06 15:34:39.505,82.9,1210644316.0
Micron,,MU.US,Stock sell,,,,,,,,,,,,,,54601823,2026-04-06 15:34:11.829,378.2,1210644131.0
,,,Transfer,,,,,,,,,,,,,,54601823,2026-03-26 18:45:10.964,-859.26,1195867723.0
Micron,,MU.US,Stock purchase,,,,,,,,,,,,,,54601823,2026-03-26 16:16:39.414,-366.0,1195673806.0
Critical Metals,,CRML.US,Stock purchase,,,,,,,,,,,,,,54601823,2026-03-26 14:54:26.261,-75.0,1195524439.0
Robinhood,,HOOD.US,Stock purchase,,,,,,,,,,,,,,54601823,2026-03-24 14:12:46.233,-70.0,1191744965.0
Alibaba,,BABA.US,Stock purchase,,,,,,,,,,,,,,54601823,2026-03-23 17:20:38.285,-125.0,1190501564.0
,,,Transfer,,,,,,,,,,,,,,54601823,2026-03-23 14:20:07.160,-2000.0,1190076139.0
Vistra Energy,,VST.US,Stock purchase,,,,,,,,,,,,,,54601823,2026-03-23 13:58:08.773,-152.86,1190020531.0
Microsoft,,MSFT.US,Stock purchase,,,,,,,,,,,,,,54601823,2026-03-23 13:41:14.831,-385.0,1189989662.0
,,,Transfer,,,,,,,,,,,,,,54601823,2026-03-23 13:30:16.132,4083.12,1189921675.0
,,,Total,,,,,,,,,,,,,,54601823,,2266.15,
